Year,Month,DayofMonth,DayOfWeek,DepTime,CRSDepTime,ArrTime,CRSArrTime,UniqueCarrier,FlightNum,TailNum,ActualElapsedTime,CRSElapsedTime,AirTime,ArrDelay,DepDelay,Origin,Dest,Distance,TaxiIn,TaxiOut,Cancelled,CancellationCode,Diverted,CarrierDelay,WeatherDelay,NASDelay,SecurityDelay,LateAircraftDelay
1987,10,14,3,741,730,912,849,PS,1451,NA,91,79,NA,23,11,SAN,SFO,447,NA,NA,0,NA,0,NA,NA,NA,NA,NA
1987,10,15,4,729,730,903,849,PS,1451,NA,94,79,NA,14,-1,SAN,SFO,447,NA,NA,0,NA,0,NA,NA,NA,NA,NA
1987,10,17,6,741,730,918,849,PS,1451,NA,97,79,NA,29,11,SAN,SFO,447,NA,NA,0,NA,0,NA,NA,NA,NA,NA
1987,10,1,4,1520,1505,1624,1608,PS,1453,NA,64,63,NA,16,15,BUR,OAK,325,NA,NA,0,NA,0,NA,NA,NA,NA,NA
1987,10,2,5,1508,1505,1615,1608,PS,1453,NA,67,63,NA,7,3,BUR,OAK,325,NA,NA,0,NA,0,NA,NA,NA,NA,NA
1987,10,4,7,1526,1505,1625,1608,PS,1453,NA,59,63,NA,17,21,BUR,OAK,325,NA,NA,0,NA,0,NA,NA,NA,NA,NA
1987,10,5,1,1504,1505,1602,1608,PS,1453,NA,58,63,NA,-6,-1,BUR,OAK,325,NA,NA,0,NA,0,NA,NA,NA,NA,NA
1987,10,6,2,1505,1505,1607,1608,PS,1453,NA,62,63,NA,-1,0,BUR,OAK,325,NA,NA,0,NA,0,NA,NA,NA,NA,NA
1987,10,1,4,851,830,1008,937,PS,1457,NA,77,67,NA,31,21,LAX,SFO,337,NA,NA,0,NA,0,NA,NA,NA,NA,NA
1987,10,2,5,831,830,948,937,PS,1457,NA,77,67,NA,11,1,LAX,SFO,337,NA,NA,0,NA,0,NA,NA,NA,NA,NA
1987,10,5,1,833,830,932,937,PS,1457,NA,59,67,NA,-5,3,LAX,SFO,337,NA,NA,0,NA,0,NA,NA,NA,NA,NA
1987,10,6,2,NA,830,NA,937,PS,1457,NA,NA,67,NA,NA,NA,LAX,SFO,337,NA,NA,1,NA,0,NA,NA,NA,NA,NA
1987,10,8,4,843,830,952,937,PS,1457,NA,69,67,NA,15,13,LAX,SFO,337,NA,NA,0,NA,0,NA,NA,NA,NA,NA
1987,10,15,4,1839,1830,1949,1929,PS,1460,NA,70,59,NA,20,9,OAK,BUR,325,NA,NA,0,NA,0,NA,NA,NA,NA,NA
1987,10,17,6,1830,1830,1930,1929,PS,1460,NA,60,59,NA,1,0,OAK,BUR,325,NA,NA,0,NA,0,NA,NA,NA,NA,NA
1987,10,18,7,1830,1830,1934,1929,PS,1460,NA,64,59,NA,5,0,OAK,BUR,325,NA,NA,0,NA,0,NA,NA,NA,NA,NA
1987,10,19,1,1834,1830,1944,1929,PS,1460,NA,70,59,NA,15,4,OAK,BUR,325,NA,NA,0,NA,0,NA,NA,NA,NA,NA
1987,10,20,2,1828,1830,1943,1929,PS,1460,NA,75,59,NA,14,-2,OAK,BUR,325,NA,NA,0,NA,0,NA,NA,NA,NA,NA
1987,10,28,3,1907,1850,2015,1957,PS,1463,NA,68,67,NA,18,17,BUR,OAK,325,NA,NA,0,NA,0,NA,NA,NA,NA,NA
1987,10,29,4,1852,1850,2004,1957,PS,1463,NA,72,67,NA,7,2,BUR,OAK,325,NA,NA,0,NA,0,NA,NA,NA,NA,NA
1987,10,30,5,1858,1850,2002,1957,PS,1463,NA,64,67,NA,5,8,BUR,OAK,325,NA,NA,0,NA,0,NA,NA,NA,NA,NA
1987,10,31,6,1849,1850,1950,1957,PS,1463,NA,61,67,NA,-7,-1,BUR,OAK,325,NA,NA,0,NA,0,NA,NA,NA,NA,NA
1987,10,28,3,1559,1515,1702,1611,PS,1464,NA,63,56,NA,51,44,SJC,BUR,296,NA,NA,0,NA,0,NA,NA,NA,NA,NA
1987,10,29,4,1525,1515,1636,1611,PS,1464,NA,71,56,NA,25,10,SJC,BUR,296,NA,NA,0,NA,0,NA,NA,NA,NA,NA
1987,10,30,5,1518,1515,1620,1611,PS,1464,NA,62,56,NA,9,3,SJC,BUR,296,NA,NA,0,NA,0,NA,NA,NA,NA,NA
1987,10,1,4,2003,2000,2058,2059,PS,1465,NA,55,59,NA,-1,3,BUR,OAK,325,NA,NA,0,NA,0,NA,NA,NA,NA,NA
1987,10,2,5,2000,2000,2100,2059,PS,1465,NA,60,59,NA,1,0,BUR,OAK,325,NA,NA,0,NA,0,NA,NA,NA,NA,NA
1987,10,4,7,2040,2000,2136,2059,PS,1465,NA,56,59,NA,37,40,BUR,OAK,325,NA,NA,0,NA,0,NA,NA,NA,NA,NA
1987,10,6,2,2000,2000,2055,2059,PS,1465,NA,55,59,NA,-4,0,BUR,OAK,325,NA,NA,0,NA,0,NA,NA,NA,NA,NA
1987,10,7,3,1959,2000,2055,2059,PS,1465,NA,56,59,NA,-4,-1,BUR,OAK,325,NA,NA,0,NA,0,NA,NA,NA,NA,NA
1987,10,18,7,1817,1810,1950,1927,TW,54,NA,153,137,NA,23,7,MCO,STL,880,NA,NA,0,NA,0,NA,NA,NA,NA,NA
1987,10,19,1,1809,1810,2000,1927,TW,54,NA,171,137,NA,33,-1,MCO,STL,880,NA,NA,0,NA,0,NA,NA,NA,NA,NA
1987,10,21,3,1812,1810,1951,1927,TW,54,NA,159,137,NA,24,2,MCO,STL,880,NA,NA,0,NA,0,NA,NA,NA,NA,NA
1987,10,22,4,1812,1810,1944,1927,TW,54,NA,152,137,NA,17,2,MCO,STL,880,NA,NA,0,NA,0,NA,NA,NA,NA,NA
1987,10,23,5,1809,1810,1952,1927,TW,54,NA,163,137,NA,25,-1,MCO,STL,880,NA,NA,0,NA,0,NA,NA,NA,NA,NA
1987,10,24,6,1810,1810,1926,1927,TW,54,NA,136,137,NA,-1,0,MCO,STL,880,NA,NA,0,NA,0,NA,NA,NA,NA,NA
1987,10,26,1,1810,1810,1939,1940,TW,54,NA,149,150,NA,-1,0,MCO,STL,880,NA,NA,0,NA,0,NA,NA,NA,NA,NA
1987,10,27,2,1830,1810,2014,1940,TW,54,NA,164,150,NA,34,20,MCO,STL,880,NA,NA,0,NA,0,NA,NA,NA,NA,NA
1987,10,28,3,1809,1810,2004,1940,TW,54,NA,175,150,NA,24,-1,MCO,STL,880,NA,NA,0,NA,0,NA,NA,NA,NA,NA
1987,10,29,4,1811,1810,1947,1940,TW,54,NA,156,150,NA,7,1,MCO,STL,880,NA,NA,0,NA,0,NA,NA,NA,NA,NA
1987,10,30,5,1809,1810,1945,1940,TW,54,NA,156,150,NA,5,-1,MCO,STL,880,NA,NA,0,NA,0,NA,NA,NA,NA,NA
1987,10,31,6,1812,1810,1931,1940,TW,54,NA,139,150,NA,-9,2,MCO,STL,880,NA,NA,0,NA,0,NA,NA,NA,NA,NA
1987,10,1,4,2029,2026,2301,2255,TW,54,NA,92,89,NA,6,3,STL,CLE,487,NA,NA,0,NA,0,NA,NA,NA,NA,NA
1987,10,2,5,2029,2026,2307,2255,TW,54,NA,98,89,NA,12,3,STL,CLE,487,NA,NA,0,NA,0,NA,NA,NA,NA,NA
1987,10,3,6,2036,2026,2307,2256,TW,54,NA,91,90,NA,11,10,STL,CLE,487,NA,NA,0,NA,0,NA,NA,NA,NA,NA
1987,10,5,1,2032,2026,2258,2255,TW,54,NA,86,89,NA,3,6,STL,CLE,487,NA,NA,0,NA,0,NA,NA,NA,NA,NA
1987,10,28,3,1903,1849,2024,2005,TW,55,NA,141,136,NA,19,14,STL,COS,774,NA,NA,0,NA,0,NA,NA,NA,NA,NA
1987,10,29,4,1853,1849,1959,2005,TW,55,NA,126,136,NA,-6,4,STL,COS,774,NA,NA,0,NA,0,NA,NA,NA,NA,NA
1987,10,30,5,1855,1849,2037,2005,TW,55,NA,162,136,NA,32,6,STL,COS,774,NA,NA,0,NA,0,NA,NA,NA,NA,NA
1987,10,31,6,1849,1849,2010,2005,TW,55,NA,141,136,NA,5,0,STL,COS,774,NA,NA,0,NA,0,NA,NA,NA,NA,NA
1987,10,1,4,910,910,1020,1020,TW,59,NA,70,70,NA,0,0,MKE,STL,317,NA,NA,0,NA,0,NA,NA,NA,NA,NA
1987,10,2,5,913,910,1030,1020,TW,59,NA,77,70,NA,10,3,MKE,STL,317,NA,NA,0,NA,0,NA,NA,NA,NA,NA
1987,10,3,6,909,910,1011,1020,TW,59,NA,62,70,NA,-9,-1,MKE,STL,317,NA,NA,0,NA,0,NA,NA,NA,NA,NA
1987,10,4,7,923,910,1032,1020,TW,59,NA,69,70,NA,12,13,MKE,STL,317,NA,NA,0,NA,0,NA,NA,NA,NA,NA
1987,10,5,1,909,910,1028,1020,TW,59,NA,79,70,NA,8,-1,MKE,STL,317,NA,NA,0,NA,0,NA,NA,NA,NA,NA
1987,10,6,2,911,910,1026,1020,TW,59,NA,75,70,NA,6,1,MKE,STL,317,NA,NA,0,NA,0,NA,NA,NA,NA,NA
1987,10,7,3,910,910,1025,1020,TW,59,NA,75,70,NA,5,0,MKE,STL,317,NA,NA,0,NA,0,NA,NA,NA,NA,NA
1987,10,8,4,915,910,1024,1020,TW,59,NA,69,70,NA,4,5,MKE,STL,317,NA,NA,0,NA,0,NA,NA,NA,NA,NA
1987,10,9,5,911,910,1019,1020,TW,59,NA,68,70,NA,-1,1,MKE,STL,317,NA,NA,0,NA,0,NA,NA,NA,NA,NA
1987,10,24,6,900,900,1150,1120,UA,21,NA,350,320,NA,30,0,IAD,SFO,2419,NA,NA,0,NA,0,NA,NA,NA,NA,NA
1987,10,25,7,858,900,1121,1120,UA,21,NA,323,320,NA,1,-2,IAD,SFO,2419,NA,NA,0,NA,0,NA,NA,NA,NA,NA
1987,10,26,1,927,900,1159,1120,UA,21,NA,332,320,NA,39,27,IAD,SFO,2419,NA,NA,0,NA,0,NA,NA,NA,NA,NA
1987,10,27,2,905,900,1136,1120,UA,21,NA,331,320,NA,16,5,IAD,SFO,2419,NA,NA,0,NA,0,NA,NA,NA,NA,NA
1987,10,28,3,904,900,1157,1120,UA,21,NA,353,320,NA,37,4,IAD,SFO,2419,NA,NA,0,NA,0,NA,NA,NA,NA,NA
1987,10,29,4,903,900,1147,1120,UA,21,NA,344,320,NA,27,3,IAD,SFO,2419,NA,NA,0,NA,0,NA,NA,NA,NA,NA
1987,10,24,6,719,720,806,810,UA,21,NA,47,50,NA,-4,-1,PHL,IAD,134,NA,NA,0,NA,0,NA,NA,NA,NA,NA
1987,10,25,7,718,720,815,810,UA,21,NA,57,50,NA,5,-2,PHL,IAD,134,NA,NA,0,NA,0,NA,NA,NA,NA,NA
1987,10,26,1,811,720,858,810,UA,21,NA,47,50,NA,48,51,PHL,IAD,134,NA,NA,0,NA,0,NA,NA,NA,NA,NA
1987,10,27,2,718,720,816,810,UA,21,NA,58,50,NA,6,-2,PHL,IAD,134,NA,NA,0,NA,0,NA,NA,NA,NA,NA
1987,10,28,3,719,720,816,810,UA,21,NA,57,50,NA,6,-1,PHL,IAD,134,NA,NA,0,NA,0,NA,NA,NA,NA,NA
1987,10,29,4,718,720,805,810,UA,21,NA,47,50,NA,-5,-2,PHL,IAD,134,NA,NA,0,NA,0,NA,NA,NA,NA,NA
1987,10,30,5,720,720,822,810,UA,21,NA,62,50,NA,12,0,PHL,IAD,134,NA,NA,0,NA,0,NA,NA,NA,NA,NA
1987,10,31,6,714,715,758,807,UA,21,NA,44,52,NA,-9,-1,PHL,IAD,134,NA,NA,0,NA,0,NA,NA,NA,NA,NA
1987,10,1,4,1312,1250,2102,2050,UA,22,NA,290,300,NA,12,22,SEA,JFK,2421,NA,NA,0,NA,0,NA,NA,NA,NA,NA
1987,10,29,4,2331,2145,746,556,UA,24,NA,315,311,NA,110,106,SFO,JFK,2586,NA,NA,0,NA,0,NA,NA,NA,NA,NA
1987,10,30,5,2144,2145,602,556,UA,24,NA,318,311,NA,6,-1,SFO,JFK,2586,NA,NA,0,NA,0,NA,NA,NA,NA,NA
1987,10,31,6,2145,2145,550,549,UA,24,NA,305,304,NA,1,0,SFO,JFK,2586,NA,NA,0,NA,0,NA,NA,NA,NA,NA
1987,10,1,4,1059,1100,1351,1353,UA,25,NA,352,353,NA,-2,-1,JFK,SFO,2586,NA,NA,0,NA,0,NA,NA,NA,NA,NA
1987,10,2,5,1059,1100,1346,1353,UA,25,NA,347,353,NA,-7,-1,JFK,SFO,2586,NA,NA,0,NA,0,NA,NA,NA,NA,NA
1987,10,3,6,1100,1100,1341,1353,UA,25,NA,341,353,NA,-12,0,JFK,SFO,2586,NA,NA,0,NA,0,NA,NA,NA,NA,NA
1987,10,4,7,1100,1100,1339,1353,UA,25,NA,339,353,NA,-14,0,JFK,SFO,2586,NA,NA,0,NA,0,NA,NA,NA,NA,NA
1987,10,5,1,1057,1100,1334,1353,UA,25,NA,337,353,NA,-19,-3,JFK,SFO,2586,NA,NA,0,NA,0,NA,NA,NA,NA,NA
1987,10,3,6,634,635,913,904,UA,840,NA,99,89,NA,9,-1,ORD,IAD,589,NA,NA,0,NA,0,NA,NA,NA,NA,NA
1987,10,4,7,637,635,911,904,UA,840,NA,94,89,NA,7,2,ORD,IAD,589,NA,NA,0,NA,0,NA,NA,NA,NA,NA
1987,10,5,1,635,635,912,904,UA,840,NA,97,89,NA,8,0,ORD,IAD,589,NA,NA,0,NA,0,NA,NA,NA,NA,NA
1987,10,6,2,635,635,914,904,UA,840,NA,99,89,NA,10,0,ORD,IAD,589,NA,NA,0,NA,0,NA,NA,NA,NA,NA
1987,10,7,3,635,635,919,904,UA,840,NA,104,89,NA,15,0,ORD,IAD,589,NA,NA,0,NA,0,NA,NA,NA,NA,NA
1987,10,8,4,636,635,917,904,UA,840,NA,101,89,NA,13,1,ORD,IAD,589,NA,NA,0,NA,0,NA,NA,NA,NA,NA
1987,10,18,7,1004,1005,1029,1031,UA,866,NA,25,26,NA,-2,-1,DCA,IAD,24,NA,NA,0,NA,0,NA,NA,NA,NA,NA
1987,10,19,1,1005,1005,1028,1031,UA,866,NA,23,26,NA,-3,0,DCA,IAD,24,NA,NA,0,NA,0,NA,NA,NA,NA,NA
1987,10,20,2,1002,1005,1032,1031,UA,866,NA,30,26,NA,1,-3,DCA,IAD,24,NA,NA,0,NA,0,NA,NA,NA,NA,NA
1987,10,21,3,1006,1005,1042,1031,UA,866,NA,36,26,NA,11,1,DCA,IAD,24,NA,NA,0,NA,0,NA,NA,NA,NA,NA
1987,10,22,4,1005,1005,1031,1031,UA,866,NA,26,26,NA,0,0,DCA,IAD,24,NA,NA,0,NA,0,NA,NA,NA,NA,NA
1987,10,23,5,1001,1005,1032,1031,UA,866,NA,31,26,NA,1,-4,DCA,IAD,24,NA,NA,0,NA,0,NA,NA,NA,NA,NA
1987,10,25,7,1005,1005,1026,1031,UA,866,NA,21,26,NA,-5,0,DCA,IAD,24,NA,NA,0,NA,0,NA,NA,NA,NA,NA
1987,10,4,7,1148,1145,1218,1220,WN,18,NA,90,95,NA,-2,3,DAL,ELP,562,NA,NA,0,NA,0,NA,NA,NA,NA,NA
1987,10,5,1,1145,1145,1208,1220,WN,18,NA,83,95,NA,-12,0,DAL,ELP,562,NA,NA,0,NA,0,NA,NA,NA,NA,NA
1987,10,6,2,1145,1145,1205,1220,WN,18,NA,80,95,NA,-15,0,DAL,ELP,562,NA,NA,0,NA,0,NA,NA,NA,NA,NA
1987,10,7,3,1145,1145,1215,1220,WN,18,NA,90,95,NA,-5,0,DAL,ELP,562,NA,NA,0,NA,0,NA,NA,NA,NA,NA
1987,10,8,4,1157,1145,1228,1220,WN,18,NA,91,95,NA,8,12,DAL,ELP,562,NA,NA,0,NA,0,NA,NA,NA,NA,NA
1987,10,9,5,1145,1145,1212,1220,WN,18,NA,87,95,NA,-8,0,DAL,ELP,562,NA,NA,0,NA,0,NA,NA,NA,NA,NA
1987,10,11,7,1145,1145,1214,1220,WN,18,NA,89,95,NA,-6,0,DAL,ELP,562,NA,NA,0,NA,0,NA,NA,NA,NA,NA
1987,10,28,3,1100,1100,1149,1155,WN,20,NA,49,55,NA,-6,0,HOU,DAL,239,NA,NA,0,NA,0,NA,NA,NA,NA,NA
1987,10,29,4,1125,1100,1209,1155,WN,20,NA,44,55,NA,14,25,HOU,DAL,239,NA,NA,0,NA,0,NA,NA,NA,NA,NA
1987,10,30,5,1100,1100,1154,1155,WN,20,NA,54,55,NA,-1,0,HOU,DAL,239,NA,NA,0,NA,0,NA,NA,NA,NA,NA
1987,10,31,6,1100,1100,1148,1155,WN,20,NA,48,55,NA,-7,0,HOU,DAL,239,NA,NA,0,NA,0,NA,NA,NA,NA,NA
1987,10,1,4,615,615,724,725,WN,20,NA,69,70,NA,-1,0,MDW,BNA,395,NA,NA,0,NA,0,NA,NA,NA,NA,NA
1987,10,2,5,615,615,724,725,WN,20,NA,69,70,NA,-1,0,MDW,BNA,395,NA,NA,0,NA,0,NA,NA,NA,NA,NA
1987,10,5,1,615,615,730,725,WN,20,NA,75,70,NA,5,0,MDW,BNA,395,NA,NA,0,NA,0,NA,NA,NA,NA,NA
1987,10,6,2,615,615,724,725,WN,20,NA,69,70,NA,-1,0,MDW,BNA,395,NA,NA,0,NA,0,NA,NA,NA,NA,NA
1987,10,7,3,615,615,725,725,WN,20,NA,70,70,NA,0,0,MDW,BNA,395,NA,NA,0,NA,0,NA,NA,NA,NA,NA
1987,10,26,1,1130,1130,1222,1225,WN,22,NA,52,55,NA,-3,0,HOU,DAL,239,NA,NA,0,NA,0,NA,NA,NA,NA,NA
1987,10,27,2,1130,1130,1223,1225,WN,22,NA,53,55,NA,-2,0,HOU,DAL,239,NA,NA,0,NA,0,NA,NA,NA,NA,NA
1987,10,28,3,1130,1130,1220,1225,WN,22,NA,50,55,NA,-5,0,HOU,DAL,239,NA,NA,0,NA,0,NA,NA,NA,NA,NA
1987,10,29,4,1130,1130,1220,1225,WN,22,NA,50,55,NA,-5,0,HOU,DAL,239,NA,NA,0,NA,0,NA,NA,NA,NA,NA
1987,10,30,5,1130,1130,1220,1225,WN,22,NA,50,55,NA,-5,0,HOU,DAL,239,NA,NA,0,NA,0,NA,NA,NA,NA,NA
1987,10,1,4,1050,1050,1148,1150,WN,23,NA,58,60,NA,-2,0,AMA,DAL,324,NA,NA,0,NA,0,NA,NA,NA,NA,NA
1987,10,2,5,1050,1050,1146,1150,WN,23,NA,56,60,NA,-4,0,AMA,DAL,324,NA,NA,0,NA,0,NA,NA,NA,NA,NA
1987,10,3,6,1050,1050,1143,1150,WN,23,NA,53,60,NA,-7,0,AMA,DAL,324,NA,NA,0,NA,0,NA,NA,NA,NA,NA
1987,10,24,6,1120,1110,1309,1305,EA,707,NA,109,115,NA,4,10,BUF,ATL,712,NA,NA,0,NA,0,NA,NA,NA,NA,NA
1987,10,25,7,1110,1110,1258,1305,EA,707,NA,108,115,NA,-7,0,BUF,ATL,712,NA,NA,0,NA,0,NA,NA,NA,NA,NA
1987,10,26,1,1110,1110,1301,1305,EA,707,NA,111,115,NA,-4,0,BUF,ATL,712,NA,NA,0,NA,0,NA,NA,NA,NA,NA
1987,10,27,2,1110,1110,1306,1305,EA,707,NA,116,115,NA,1,0,BUF,ATL,712,NA,NA,0,NA,0,NA,NA,NA,NA,NA
1987,10,28,3,1110,1110,1253,1305,EA,707,NA,103,115,NA,-12,0,BUF,ATL,712,NA,NA,0,NA,0,NA,NA,NA,NA,NA
1987,10,29,4,1110,1110,1252,1305,EA,707,NA,102,115,NA,-13,0,BUF,ATL,712,NA,NA,0,NA,0,NA,NA,NA,NA,NA
1987,10,30,5,1110,1110,1252,1305,EA,707,NA,102,115,NA,-13,0,BUF,ATL,712,NA,NA,0,NA,0,NA,NA,NA,NA,NA
1987,10,31,6,1110,1110,1256,1305,EA,707,NA,106,115,NA,-9,0,BUF,ATL,712,NA,NA,0,NA,0,NA,NA,NA,NA,NA
1987,10,19,1,701,701,831,835,EA,1624,NA,90,94,NA,-4,0,PBI,ATL,545,NA,NA,0,NA,0,NA,NA,NA,NA,NA
1987,10,20,2,701,701,829,835,EA,1624,NA,88,94,NA,-6,0,PBI,ATL,545,NA,NA,0,NA,0,NA,NA,NA,NA,NA
1987,10,21,3,750,701,928,835,EA,1624,NA,98,94,NA,53,49,PBI,ATL,545,NA,NA,0,NA,0,NA,NA,NA,NA,NA
1987,10,22,4,705,701,835,835,EA,1624,NA,90,94,NA,0,4,PBI,ATL,545,NA,NA,0,NA,0,NA,NA,NA,NA,NA
1987,10,23,5,701,701,835,835,EA,1624,NA,94,94,NA,0,0,PBI,ATL,545,NA,NA,0,NA,0,NA,NA,NA,NA,NA
1987,10,24,6,701,701,850,835,EA,1624,NA,109,94,NA,15,0,PBI,ATL,545,NA,NA,0,NA,0,NA,NA,NA,NA,NA
1987,10,25,7,701,701,839,835,EA,1624,NA,98,94,NA,4,0,PBI,ATL,545,NA,NA,0,NA,0,NA,NA,NA,NA,NA
1987,10,12,1,709,709,836,826,EA,1634,NA,87,77,NA,10,0,MLB,ATL,443,NA,NA,0,NA,0,NA,NA,NA,NA,NA
1987,10,13,2,709,709,823,826,EA,1634,NA,74,77,NA,-3,0,MLB,ATL,443,NA,NA,0,NA,0,NA,NA,NA,NA,NA
1987,10,14,3,709,709,830,826,EA,1634,NA,81,77,NA,4,0,MLB,ATL,443,NA,NA,0,NA,0,NA,NA,NA,NA,NA
1987,10,15,4,709,709,828,826,EA,1634,NA,79,77,NA,2,0,MLB,ATL,443,NA,NA,0,NA,0,NA,NA,NA,NA,NA
1987,10,16,5,709,709,826,826,EA,1634,NA,77,77,NA,0,0,MLB,ATL,443,NA,NA,0,NA,0,NA,NA,NA,NA,NA
1987,10,17,6,1218,1215,1323,1315,HP,628,NA,65,60,NA,8,3,PHX,ONT,325,NA,NA,0,NA,0,NA,NA,NA,NA,NA
1987,10,18,7,1222,1215,1328,1315,HP,628,NA,66,60,NA,13,7,PHX,ONT,325,NA,NA,0,NA,0,NA,NA,NA,NA,NA
1987,10,19,1,1215,1215,1328,1315,HP,628,NA,73,60,NA,13,0,PHX,ONT,325,NA,NA,0,NA,0,NA,NA,NA,NA,NA
1987,10,20,2,1215,1215,1319,1315,HP,628,NA,64,60,NA,4,0,PHX,ONT,325,NA,NA,0,NA,0,NA,NA,NA,NA,NA
1987,10,22,4,1215,1215,1320,1315,HP,628,NA,65,60,NA,5,0,PHX,ONT,325,NA,NA,0,NA,0,NA,NA,NA,NA,NA
1987,10,23,5,1215,1215,1327,1315,HP,628,NA,72,60,NA,12,0,PHX,ONT,325,NA,NA,0,NA,0,NA,NA,NA,NA,NA
1987,10,7,3,1017,1010,1025,1015,HP,629,NA,68,65,NA,10,7,ELP,PHX,347,NA,NA,0,NA,0,NA,NA,NA,NA,NA
1987,10,8,4,1022,1010,1031,1015,HP,629,NA,69,65,NA,16,12,ELP,PHX,347,NA,NA,0,NA,0,NA,NA,NA,NA,NA
1987,10,9,5,1024,1010,1034,1015,HP,629,NA,70,65,NA,19,14,ELP,PHX,347,NA,NA,0,NA,0,NA,NA,NA,NA,NA
1987,10,10,6,1019,1010,1031,1015,HP,629,NA,72,65,NA,16,9,ELP,PHX,347,NA,NA,0,NA,0,NA,NA,NA,NA,NA
1987,10,11,7,1015,1010,1023,1015,HP,629,NA,68,65,NA,8,5,ELP,PHX,347,NA,NA,0,NA,0,NA,NA,NA,NA,NA
1987,10,28,3,1440,1440,1547,1545,HP,631,NA,67,65,NA,2,0,ABQ,PHX,328,NA,NA,0,NA,0,NA,NA,NA,NA,NA
1987,10,29,4,1440,1440,1554,1545,HP,631,NA,74,65,NA,9,0,ABQ,PHX,328,NA,NA,0,NA,0,NA,NA,NA,NA,NA
1987,10,30,5,1440,1440,1600,1545,HP,631,NA,80,65,NA,15,0,ABQ,PHX,328,NA,NA,0,NA,0,NA,NA,NA,NA,NA
1987,10,31,6,1440,1440,1548,1545,HP,631,NA,68,65,NA,3,0,ABQ,PHX,328,NA,NA,0,NA,0,NA,NA,NA,NA,NA
1987,10,1,4,1515,1515,1618,1615,HP,631,NA,63,60,NA,3,0,PHX,ONT,325,NA,NA,0,NA,0,NA,NA,NA,NA,NA
1987,10,16,5,1335,1330,1531,1530,NW,424,NA,56,60,NA,1,5,MKE,DTW,238,NA,NA,0,NA,0,NA,NA,NA,NA,NA
1987,10,17,6,1330,1330,1517,1530,NW,424,NA,47,60,NA,-13,0,MKE,DTW,238,NA,NA,0,NA,0,NA,NA,NA,NA,NA
1987,10,18,7,1415,1330,1654,1530,NW,424,NA,99,60,NA,84,45,MKE,DTW,238,NA,NA,0,NA,0,NA,NA,NA,NA,NA
1987,10,19,1,1421,1330,1619,1530,NW,424,NA,58,60,NA,49,51,MKE,DTW,238,NA,NA,0,NA,0,NA,NA,NA,NA,NA
1987,10,20,2,1330,1330,1532,1530,NW,424,NA,62,60,NA,2,0,MKE,DTW,238,NA,NA,0,NA,0,NA,NA,NA,NA,NA
1987,10,21,3,1334,1330,1534,1530,NW,424,NA,60,60,NA,4,4,MKE,DTW,238,NA,NA,0,NA,0,NA,NA,NA,NA,NA
1987,10,11,7,1508,1510,1707,1635,NW,427,NA,119,85,NA,32,-2,ABE,DTW,424,NA,NA,0,NA,0,NA,NA,NA,NA,NA
1987,10,12,1,1506,1510,1642,1635,NW,427,NA,96,85,NA,7,-4,ABE,DTW,424,NA,NA,0,NA,0,NA,NA,NA,NA,NA
1987,10,13,2,1510,1510,1638,1635,NW,427,NA,88,85,NA,3,0,ABE,DTW,424,NA,NA,0,NA,0,NA,NA,NA,NA,NA
1987,10,14,3,1510,1510,1640,1635,NW,427,NA,90,85,NA,5,0,ABE,DTW,424,NA,NA,0,NA,0,NA,NA,NA,NA,NA
1987,10,15,4,1510,1510,1628,1635,NW,427,NA,78,85,NA,-7,0,ABE,DTW,424,NA,NA,0,NA,0,NA,NA,NA,NA,NA
1987,10,5,1,1440,1440,1629,1638,NW,428,NA,49,58,NA,-9,0,MKE,DTW,238,NA,NA,0,NA,0,NA,NA,NA,NA,NA
1987,10,6,2,1440,1440,1641,1638,NW,428,NA,61,58,NA,3,0,MKE,DTW,238,NA,NA,0,NA,0,NA,NA,NA,NA,NA
1987,10,7,3,1445,1440,1644,1638,NW,428,NA,59,58,NA,6,5,MKE,DTW,238,NA,NA,0,NA,0,NA,NA,NA,NA,NA
1987,10,8,4,1440,1440,1653,1638,NW,428,NA,73,58,NA,15,0,MKE,DTW,238,NA,NA,0,NA,0,NA,NA,NA,NA,NA
1987,10,9,5,1440,1440,1640,1638,NW,428,NA,60,58,NA,2,0,MKE,DTW,238,NA,NA,0,NA,0,NA,NA,NA,NA,NA
1987,10,11,7,1533,1530,1630,1630,PA (1),258,NA,57,60,NA,0,3,DCA,LGA,214,NA,NA,0,NA,0,NA,NA,NA,NA,NA
1987,10,12,1,1530,1530,1632,1630,PA (1),258,NA,62,60,NA,2,0,DCA,LGA,214,NA,NA,0,NA,0,NA,NA,NA,NA,NA
1987,10,13,2,1530,1530,1647,1630,PA (1),258,NA,77,60,NA,17,0,DCA,LGA,214,NA,NA,0,NA,0,NA,NA,NA,NA,NA
1987,10,14,3,1530,1530,1630,1630,PA (1),258,NA,60,60,NA,0,0,DCA,LGA,214,NA,NA,0,NA,0,NA,NA,NA,NA,NA
1987,10,15,4,1530,1530,1641,1630,PA (1),258,NA,71,60,NA,11,0,DCA,LGA,214,NA,NA,0,NA,0,NA,NA,NA,NA,NA
1987,10,16,5,1530,1530,1630,1630,PA (1),258,NA,60,60,NA,0,0,DCA,LGA,214,NA,NA,0,NA,0,NA,NA,NA,NA,NA
1987,10,14,3,1830,1830,1929,1929,PA (1),264,NA,59,59,NA,0,0,DCA,LGA,214,NA,NA,0,NA,0,NA,NA,NA,NA,NA
1987,10,15,4,1830,1830,1948,1929,PA (1),264,NA,78,59,NA,19,0,DCA,LGA,214,NA,NA,0,NA,0,NA,NA,NA,NA,NA
1987,10,16,5,1830,1830,1935,1929,PA (1),264,NA,65,59,NA,6,0,DCA,LGA,214,NA,NA,0,NA,0,NA,NA,NA,NA,NA
1987,10,17,6,1830,1830,1923,1929,PA (1),264,NA,53,59,NA,-6,0,DCA,LGA,214,NA,NA,0,NA,0,NA,NA,NA,NA,NA
1987,10,18,7,1830,1830,1926,1929,PA (1),264,NA,56,59,NA,-3,0,DCA,LGA,214,NA,NA,0,NA,0,NA,NA,NA,NA,NA
1987,10,19,1,1832,1830,1929,1929,PA (1),264,NA,57,59,NA,0,2,DCA,LGA,214,NA,NA,0,NA,0,NA,NA,NA,NA,NA
1987,10,2,5,1319,1320,1547,1548,CO,1192,NA,88,88,NA,-1,-1,DEN,OMA,472,NA,NA,0,NA,0,NA,NA,NA,NA,NA
1987,10,3,6,1324,1320,1536,1548,CO,1192,NA,72,88,NA,-12,4,DEN,OMA,472,NA,NA,0,NA,0,NA,NA,NA,NA,NA
1987,10,4,7,1320,1320,1549,1548,CO,1192,NA,89,88,NA,1,0,DEN,OMA,472,NA,NA,0,NA,0,NA,NA,NA,NA,NA
1987,10,5,1,1320,1320,1537,1548,CO,1192,NA,77,88,NA,-11,0,DEN,OMA,472,NA,NA,0,NA,0,NA,NA,NA,NA,NA
1987,10,6,2,1456,1320,1709,1548,CO,1192,NA,73,88,NA,81,96,DEN,OMA,472,NA,NA,0,NA,0,NA,NA,NA,NA,NA
1987,10,7,3,1318,1320,1534,1548,CO,1192,NA,76,88,NA,-14,-2,DEN,OMA,472,NA,NA,0,NA,0,NA,NA,NA,NA,NA
1987,10,28,3,723,723,800,751,DL,674,NA,37,28,NA,9,0,CSG,ATL,83,NA,NA,0,NA,0,NA,NA,NA,NA,NA
1987,10,29,4,723,723,757,751,DL,674,NA,34,28,NA,6,0,CSG,ATL,83,NA,NA,0,NA,0,NA,NA,NA,NA,NA
1987,10,30,5,723,723,756,751,DL,674,NA,33,28,NA,5,0,CSG,ATL,83,NA,NA,0,NA,0,NA,NA,NA,NA,NA
1987,10,31,6,723,723,757,751,DL,674,NA,34,28,NA,6,0,CSG,ATL,83,NA,NA,0,NA,0,NA,NA,NA,NA,NA
1987,10,1,4,947,945,1110,1106,DL,674,NA,83,81,NA,4,2,MCI,DFW,460,NA,NA,0,NA,0,NA,NA,NA,NA,NA
1987,10,2,5,957,945,1126,1106,DL,674,NA,89,81,NA,20,12,MCI,DFW,460,NA,NA,0,NA,0,NA,NA,NA,NA,NA
1987,10,6,2,2028,2023,2143,2140,DL,677,NA,75,77,NA,3,5,ATL,MLB,443,NA,NA,0,NA,0,NA,NA,NA,NA,NA
1987,10,7,3,2023,2023,2133,2140,DL,677,NA,70,77,NA,-7,0,ATL,MLB,443,NA,NA,0,NA,0,NA,NA,NA,NA,NA
1987,10,8,4,2027,2023,2145,2140,DL,677,NA,78,77,NA,5,4,ATL,MLB,443,NA,NA,0,NA,0,NA,NA,NA,NA,NA
1987,10,9,5,2023,2023,2143,2140,DL,677,NA,80,77,NA,3,0,ATL,MLB,443,NA,NA,0,NA,0,NA,NA,NA,NA,NA
1987,10,10,6,2023,2023,2140,2140,DL,677,NA,77,77,NA,0,0,ATL,MLB,443,NA,NA,0,NA,0,NA,NA,NA,NA,NA
1987,10,12,1,2023,2023,2201,2140,DL,677,NA,98,77,NA,21,0,ATL,MLB,443,NA,NA,0,NA,0,NA,NA,NA,NA,NA
1987,10,30,5,1825,1825,1927,1911,DL,680,NA,62,46,NA,16,0,AUS,DFW,190,NA,NA,0,NA,0,NA,NA,NA,NA,NA
1987,10,31,6,1825,1825,1922,1911,DL,680,NA,57,46,NA,11,0,AUS,DFW,190,NA,NA,0,NA,0,NA,NA,NA,NA,NA
1987,10,1,4,2009,2009,2343,2335,DL,680,NA,154,146,NA,8,0,DFW,RDU,1062,NA,NA,0,NA,0,NA,NA,NA,NA,NA
1987,10,2,5,2020,2009,2346,2335,DL,680,NA,146,146,NA,11,11,DFW,RDU,1062,NA,NA,0,NA,0,NA,NA,NA,NA,NA
1987,10,3,6,2009,2009,2351,2335,DL,680,NA,162,146,NA,16,0,DFW,RDU,1062,NA,NA,0,NA,0,NA,NA,NA,NA,NA
1987,10,8,4,1958,1955,2149,2147,DL,683,NA,111,112,NA,2,3,LGA,CVG,585,NA,NA,0,NA,0,NA,NA,NA,NA,NA
1987,10,9,5,2000,1955,2215,2147,DL,683,NA,135,112,NA,28,5,LGA,CVG,585,NA,NA,0,NA,0,NA,NA,NA,NA,NA
1987,10,10,6,1955,1955,2140,2147,DL,683,NA,105,112,NA,-7,0,LGA,CVG,585,NA,NA,0,NA,0,NA,NA,NA,NA,NA
1987,10,11,7,1955,1955,2158,2147,DL,683,NA,123,112,NA,11,0,LGA,CVG,585,NA,NA,0,NA,0,NA,NA,NA,NA,NA
1987,10,12,1,2002,1955,2205,2147,DL,683,NA,123,112,NA,18,7,LGA,CVG,585,NA,NA,0,NA,0,NA,NA,NA,NA,NA
1987,10,13,2,1955,1955,2159,2147,DL,683,NA,124,112,NA,12,0,LGA,CVG,585,NA,NA,0,NA,0,NA,NA,NA,NA,NA
1987,10,12,1,1126,1059,1248,1214,EA,119,NA,82,75,NA,34,27,ATL,TPA,406,NA,NA,0,NA,0,NA,NA,NA,NA,NA
1987,10,13,2,1059,1059,1220,1214,EA,119,NA,81,75,NA,6,0,ATL,TPA,406,NA,NA,0,NA,0,NA,NA,NA,NA,NA
1987,10,14,3,1106,1059,1224,1214,EA,119,NA,78,75,NA,10,7,ATL,TPA,406,NA,NA,0,NA,0,NA,NA,NA,NA,NA
1987,10,15,4,1059,1059,1210,1214,EA,119,NA,71,75,NA,-4,0,ATL,TPA,406,NA,NA,0,NA,0,NA,NA,NA,NA,NA
1987,10,16,5,1059,1059,1214,1214,EA,119,NA,75,75,NA,0,0,ATL,TPA,406,NA,NA,0,NA,0,NA,NA,NA,NA,NA
1987,10,17,6,923,735,1133,1003,EA,119,NA,130,148,NA,90,108,LGA,ATL,761,NA,NA,0,NA,0,NA,NA,NA,NA,NA
1987,10,18,7,735,735,935,1003,EA,119,NA,120,148,NA,-28,0,LGA,ATL,761,NA,NA,0,NA,0,NA,NA,NA,NA,NA
1987,10,20,2,745,735,1017,1003,EA,119,NA,152,148,NA,14,10,LGA,ATL,761,NA,NA,0,NA,0,NA,NA,NA,NA,NA
1987,10,21,3,735,735,1005,1003,EA,119,NA,150,148,NA,2,0,LGA,ATL,761,NA,NA,0,NA,0,NA,NA,NA,NA,NA
1987,10,23,5,735,735,949,1003,EA,119,NA,134,148,NA,-14,0,LGA,ATL,761,NA,NA,0,NA,0,NA,NA,NA,NA,NA
1987,10,23,5,1328,1328,1633,1632,EA,120,NA,125,124,NA,1,0,SAT,ATL,874,NA,NA,0,NA,0,NA,NA,NA,NA,NA
1987,10,24,6,1328,1328,1633,1632,EA,120,NA,125,124,NA,1,0,SAT,ATL,874,NA,NA,0,NA,0,NA,NA,NA,NA,NA
1987,10,26,1,1328,1328,1628,1632,EA,120,NA,120,124,NA,-4,0,SAT,ATL,874,NA,NA,0,NA,0,NA,NA,NA,NA,NA
1987,10,27,2,1335,1328,1638,1632,EA,120,NA,123,124,NA,6,7,SAT,ATL,874,NA,NA,0,NA,0,NA,NA,NA,NA,NA
1987,10,28,3,1328,1328,1641,1632,EA,120,NA,133,124,NA,9,0,SAT,ATL,874,NA,NA,0,NA,0,NA,NA,NA,NA,NA
1987,10,9,5,1546,1530,1718,1650,AA,2084,NA,92,80,NA,28,16,SMF,SNA,404,NA,NA,0,NA,0,NA,NA,NA,NA,NA
1987,10,10,6,1530,1530,1700,1650,AA,2084,NA,90,80,NA,10,0,SMF,SNA,404,NA,NA,0,NA,0,NA,NA,NA,NA,NA
1987,10,11,7,1530,1530,1657,1650,AA,2084,NA,87,80,NA,7,0,SMF,SNA,404,NA,NA,0,NA,0,NA,NA,NA,NA,NA
1987,10,12,1,1530,1530,1653,1650,AA,2084,NA,83,80,NA,3,0,SMF,SNA,404,NA,NA,0,NA,0,NA,NA,NA,NA,NA
1987,10,13,2,1530,1530,1652,1650,AA,2084,NA,82,80,NA,2,0,SMF,SNA,404,NA,NA,0,NA,0,NA,NA,NA,NA,NA
1987,10,15,4,1530,1530,1702,1650,AA,2084,NA,92,80,NA,12,0,SMF,SNA,404,NA,NA,0,NA,0,NA,NA,NA,NA,NA
1987,10,2,5,625,625,901,857,AA,2095,NA,156,152,NA,4,0,SEA,SNA,978,NA,NA,0,NA,0,NA,NA,NA,NA,NA
1987,10,3,6,631,625,859,857,AA,2095,NA,148,152,NA,2,6,SEA,SNA,978,NA,NA,0,NA,0,NA,NA,NA,NA,NA
1987,10,4,7,625,625,847,857,AA,2095,NA,142,152,NA,-10,0,SEA,SNA,978,NA,NA,0,NA,0,NA,NA,NA,NA,NA
1987,10,5,1,625,625,859,857,AA,2095,NA,154,152,NA,2,0,SEA,SNA,978,NA,NA,0,NA,0,NA,NA,NA,NA,NA
1987,10,6,2,625,625,907,857,AA,2095,NA,162,152,NA,10,0,SEA,SNA,978,NA,NA,0,NA,0,NA,NA,NA,NA,NA
1987,10,7,3,650,650,1257,1247,AA,2092,NA,247,237,NA,10,0,SNA,ORD,1726,NA,NA,0,NA,0,NA,NA,NA,NA,NA
1987,10,8,4,654,650,1237,1247,AA,2092,NA,223,237,NA,-10,4,SNA,ORD,1726,NA,NA,0,NA,0,NA,NA,NA,NA,NA
1987,10,9,5,650,650,1243,1247,AA,2092,NA,233,237,NA,-4,0,SNA,ORD,1726,NA,NA,0,NA,0,NA,NA,NA,NA,NA
1987,10,10,6,650,650,1239,1247,AA,2092,NA,229,237,NA,-8,0,SNA,ORD,1726,NA,NA,0,NA,0,NA,NA,NA,NA,NA
1987,10,12,1,653,650,1306,1247,AA,2092,NA,253,237,NA,19,3,SNA,ORD,1726,NA,NA,0,NA,0,NA,NA,NA,NA,NA
1987,10,26,1,1552,1552,1634,1634,AA,2095,NA,42,42,NA,0,0,ORD,MKE,67,NA,NA,0,NA,0,NA,NA,NA,NA,NA
1987,10,27,2,1558,1552,1705,1634,AA,2095,NA,67,42,NA,31,6,ORD,MKE,67,NA,NA,0,NA,0,NA,NA,NA,NA,NA
1987,10,28,3,1552,1552,1625,1634,AA,2095,NA,33,42,NA,-9,0,ORD,MKE,67,NA,NA,0,NA,0,NA,NA,NA,NA,NA
1987,10,29,4,1552,1552,1637,1634,AA,2095,NA,45,42,NA,3,0,ORD,MKE,67,NA,NA,0,NA,0,NA,NA,NA,NA,NA
1987,10,30,5,1552,1552,1623,1634,AA,2095,NA,31,42,NA,-11,0,ORD,MKE,67,NA,NA,0,NA,0,NA,NA,NA,NA,NA
1987,10,31,6,701,700,759,755,US,211,NA,58,55,NA,4,1,ROC,EWR,246,NA,NA,0,NA,0,NA,NA,NA,NA,NA
1987,10,1,4,1742,1740,1903,1903,US,212,NA,81,83,NA,0,2,BTV,PIT,454,NA,NA,0,NA,0,NA,NA,NA,NA,NA
1987,10,2,5,1741,1740,1906,1903,US,212,NA,85,83,NA,3,1,BTV,PIT,454,NA,NA,0,NA,0,NA,NA,NA,NA,NA
1987,10,3,6,1740,1740,1913,1903,US,212,NA,93,83,NA,10,0,BTV,PIT,454,NA,NA,0,NA,0,NA,NA,NA,NA,NA
1987,10,4,7,1752,1740,1911,1903,US,212,NA,79,83,NA,8,12,BTV,PIT,454,NA,NA,0,NA,0,NA,NA,NA,NA,NA
1987,10,5,1,1742,1740,1858,1903,US,212,NA,76,83,NA,-5,2,BTV,PIT,454,NA,NA,0,NA,0,NA,NA,NA,NA,NA
1987,10,31,6,700,700,743,745,US,214,NA,43,45,NA,-2,0,TOL,PIT,201,NA,NA,0,NA,0,NA,NA,NA,NA,NA
1987,10,1,4,700,700,908,909,US,215,NA,128,129,NA,-1,0,PIT,TPA,873,NA,NA,0,NA,0,NA,NA,NA,NA,NA
1987,10,2,5,658,700,906,909,US,215,NA,128,129,NA,-3,-2,PIT,TPA,873,NA,NA,0,NA,0,NA,NA,NA,NA,NA
1987,10,3,6,712,700,927,909,US,215,NA,135,129,NA,18,12,PIT,TPA,873,NA,NA,0,NA,0,NA,NA,NA,NA,NA
1987,10,4,7,659,700,855,909,US,215,NA,116,129,NA,-14,-1,PIT,TPA,873,NA,NA,0,NA,0,NA,NA,NA,NA,NA
1987,10,30,5,1209,1205,1347,1341,US,219,NA,98,96,NA,6,4,BOS,PIT,496,NA,NA,0,NA,0,NA,NA,NA,NA,NA
1987,10,1,4,1436,1420,1528,1518,US,219,NA,52,58,NA,10,16,PIT,CVG,256,NA,NA,0,NA,0,NA,NA,NA,NA,NA
1987,10,2,5,1437,1420,1551,1518,US,219,NA,74,58,NA,33,17,PIT,CVG,256,NA,NA,0,NA,0,NA,NA,NA,NA,NA
1987,10,3,6,1419,1420,1517,1518,US,219,NA,58,58,NA,-1,-1,PIT,CVG,256,NA,NA,0,NA,0,NA,NA,NA,NA,NA
1987,10,4,7,1419,1420,1517,1518,US,219,NA,58,58,NA,-1,-1,PIT,CVG,256,NA,NA,0,NA,0,NA,NA,NA,NA,NA
1987,10,21,3,1958,1955,2129,2120,CO,91,NA,151,145,NA,9,3,ORD,DEN,888,NA,NA,0,NA,0,NA,NA,NA,NA,NA
1987,10,22,4,1953,1955,2126,2120,CO,91,NA,153,145,NA,6,-2,ORD,DEN,888,NA,NA,0,NA,0,NA,NA,NA,NA,NA
1987,10,23,5,1955,1955,2116,2120,CO,91,NA,141,145,NA,-4,0,ORD,DEN,888,NA,NA,0,NA,0,NA,NA,NA,NA,NA
1987,10,25,7,1956,1955,2105,2120,CO,91,NA,129,145,NA,-15,1,ORD,DEN,888,NA,NA,0,NA,0,NA,NA,NA,NA,NA
1987,10,26,1,1956,1955,2115,2120,CO,91,NA,139,145,NA,-5,1,ORD,DEN,888,NA,NA,0,NA,0,NA,NA,NA,NA,NA
1987,10,28,3,2011,1955,2129,2120,CO,91,NA,138,145,NA,9,16,ORD,DEN,888,NA,NA,0,NA,0,NA,NA,NA,NA,NA
1987,10,2,5,1435,1430,1701,1659,CO,93,NA,266,269,NA,2,5,BOS,DEN,1754,NA,NA,0,NA,0,NA,NA,NA,NA,NA
1987,10,3,6,1451,1430,1659,1659,CO,93,NA,248,269,NA,0,21,BOS,DEN,1754,NA,NA,0,NA,0,NA,NA,NA,NA,NA
1987,10,4,7,1434,1430,1658,1659,CO,93,NA,264,269,NA,-1,4,BOS,DEN,1754,NA,NA,0,NA,0,NA,NA,NA,NA,NA
1987,10,5,1,1440,1430,1710,1659,CO,93,NA,270,269,NA,11,10,BOS,DEN,1754,NA,NA,0,NA,0,NA,NA,NA,NA,NA
1987,10,6,2,1435,1430,1655,1659,CO,93,NA,260,269,NA,-4,5,BOS,DEN,1754,NA,NA,0,NA,0,NA,NA,NA,NA,NA
1987,10,17,6,1454,1325,1743,1626,CO,94,NA,109,121,NA,77,89,IAH,TPA,787,NA,NA,0,NA,0,NA,NA,NA,NA,NA
1987,10,18,7,1325,1325,1627,1626,CO,94,NA,122,121,NA,1,0,IAH,TPA,787,NA,NA,0,NA,0,NA,NA,NA,NA,NA
1987,10,19,1,1330,1325,1624,1626,CO,94,NA,114,121,NA,-2,5,IAH,TPA,787,NA,NA,0,NA,0,NA,NA,NA,NA,NA
1987,10,20,2,1333,1325,1624,1626,CO,94,NA,111,121,NA,-2,8,IAH,TPA,787,NA,NA,0,NA,0,NA,NA,NA,NA,NA
1987,10,21,3,1327,1325,1618,1626,CO,94,NA,111,121,NA,-8,2,IAH,TPA,787,NA,NA,0,NA,0,NA,NA,NA,NA,NA
1987,10,22,4,1325,1325,1607,1626,CO,94,NA,102,121,NA,-19,0,IAH,TPA,787,NA,NA,0,NA,0,NA,NA,NA,NA,NA
1987,11,5,4,2105,1937,2155,2026,PS,1542,NA,50,49,NA,89,88,BUR,LAS,223,NA,NA,0,NA,0,NA,NA,NA,NA,NA
1987,11,6,5,1937,1937,2029,2026,PS,1542,NA,52,49,NA,3,0,BUR,LAS,223,NA,NA,0,NA,0,NA,NA,NA,NA,NA
1987,11,7,6,1937,1937,2030,2026,PS,1542,NA,53,49,NA,4,0,BUR,LAS,223,NA,NA,0,NA,0,NA,NA,NA,NA,NA
1987,11,8,7,1936,1937,2026,2026,PS,1542,NA,50,49,NA,0,-1,BUR,LAS,223,NA,NA,0,NA,0,NA,NA,NA,NA,NA
1987,11,9,1,1939,1937,2028,2026,PS,1542,NA,49,49,NA,2,2,BUR,LAS,223,NA,NA,0,NA,0,NA,NA,NA,NA,NA
1987,11,12,4,1815,1810,1930,1912,PS,1542,NA,75,62,NA,18,5,SMF,BUR,358,NA,NA,0,NA,0,NA,NA,NA,NA,NA
1987,11,13,5,1815,1810,1921,1912,PS,1542,NA,66,62,NA,9,5,SMF,BUR,358,NA,NA,0,NA,0,NA,NA,NA,NA,NA
1987,11,15,7,1820,1810,1920,1912,PS,1542,NA,60,62,NA,8,10,SMF,BUR,358,NA,NA,0,NA,0,NA,NA,NA,NA,NA
1987,11,16,1,1809,1810,1906,1912,PS,1542,NA,57,62,NA,-6,-1,SMF,BUR,358,NA,NA,0,NA,0,NA,NA,NA,NA,NA
1987,11,17,2,1809,1810,1912,1912,PS,1542,NA,63,62,NA,0,-1,SMF,BUR,358,NA,NA,0,NA,0,NA,NA,NA,NA,NA
1987,11,7,6,839,842,1022,1034,UA,751,NA,103,112,NA,-12,-3,DEN,BOI,649,NA,NA,0,NA,0,NA,NA,NA,NA,NA
1987,11,8,7,842,842,1030,1034,UA,751,NA,108,112,NA,-4,0,DEN,BOI,649,NA,NA,0,NA,0,NA,NA,NA,NA,NA
1987,11,9,1,920,842,1100,1034,UA,751,NA,100,112,NA,26,38,DEN,BOI,649,NA,NA,0,NA,0,NA,NA,NA,NA,NA
1987,11,10,2,839,842,1031,1034,UA,751,NA,112,112,NA,-3,-3,DEN,BOI,649,NA,NA,0,NA,0,NA,NA,NA,NA,NA
1987,11,11,3,838,842,1028,1034,UA,751,NA,110,112,NA,-6,-4,DEN,BOI,649,NA,NA,0,NA,0,NA,NA,NA,NA,NA
1987,11,12,4,839,842,1028,1034,UA,751,NA,109,112,NA,-6,-3,DEN,BOI,649,NA,NA,0,NA,0,NA,NA,NA,NA,NA
1987,11,4,3,1449,1448,1850,1906,UA,754,NA,181,198,NA,-16,1,PHX,ORD,1440,NA,NA,0,NA,0,NA,NA,NA,NA,NA
1987,11,5,4,1450,1448,1915,1906,UA,754,NA,205,198,NA,9,2,PHX,ORD,1440,NA,NA,0,NA,0,NA,NA,NA,NA,NA
1987,11,6,5,1449,1448,1933,1906,UA,754,NA,224,198,NA,27,1,PHX,ORD,1440,NA,NA,0,NA,0,NA,NA,NA,NA,NA
1987,11,7,6,1443,1448,1927,1906,UA,754,NA,224,198,NA,21,-5,PHX,ORD,1440,NA,NA,0,NA,0,NA,NA,NA,NA,NA
1987,11,8,7,1447,1448,1938,1906,UA,754,NA,231,198,NA,32,-1,PHX,ORD,1440,NA,NA,0,NA,0,NA,NA,NA,NA,NA
1987,11,9,1,1452,1448,1925,1906,UA,754,NA,213,198,NA,19,4,PHX,ORD,1440,NA,NA,0,NA,0,NA,NA,NA,NA,NA
1987,11,11,3,1810,1810,2128,2130,WN,964,NA,138,140,NA,-2,0,SFO,ABQ,896,NA,NA,0,NA,0,NA,NA,NA,NA,NA
1987,11,12,4,1810,1810,2110,2130,WN,964,NA,120,140,NA,-20,0,SFO,ABQ,896,NA,NA,0,NA,0,NA,NA,NA,NA,NA
1987,11,13,5,1833,1810,2140,2130,WN,964,NA,127,140,NA,10,23,SFO,ABQ,896,NA,NA,0,NA,0,NA,NA,NA,NA,NA
1987,11,14,6,1810,1810,2100,2130,WN,964,NA,110,140,NA,-30,0,SFO,ABQ,896,NA,NA,0,NA,0,NA,NA,NA,NA,NA
1987,11,15,7,1810,1810,2119,2130,WN,964,NA,129,140,NA,-11,0,SFO,ABQ,896,NA,NA,0,NA,0,NA,NA,NA,NA,NA
1987,11,16,1,1810,1810,2113,2130,WN,964,NA,123,140,NA,-17,0,SFO,ABQ,896,NA,NA,0,NA,0,NA,NA,NA,NA,NA
1987,11,8,7,1905,1905,1935,1935,WN,965,NA,90,90,NA,0,0,DTW,STL,440,NA,NA,0,NA,0,NA,NA,NA,NA,NA
1987,11,9,1,1905,1905,1945,1935,WN,965,NA,100,90,NA,10,0,DTW,STL,440,NA,NA,0,NA,0,NA,NA,NA,NA,NA
1987,11,10,2,1905,1905,1923,1935,WN,965,NA,78,90,NA,-12,0,DTW,STL,440,NA,NA,0,NA,0,NA,NA,NA,NA,NA
1987,11,11,3,1905,1905,1925,1935,WN,965,NA,80,90,NA,-10,0,DTW,STL,440,NA,NA,0,NA,0,NA,NA,NA,NA,NA
1987,11,13,5,1905,1905,1930,1935,WN,965,NA,85,90,NA,-5,0,DTW,STL,440,NA,NA,0,NA,0,NA,NA,NA,NA,NA
1987,11,15,7,1905,1905,1931,1935,WN,965,NA,86,90,NA,-4,0,DTW,STL,440,NA,NA,0,NA,0,NA,NA,NA,NA,NA
1987,11,29,7,2205,2150,2320,2242,NW,624,NA,75,52,NA,38,15,MSP,MSN,228,NA,NA,0,NA,0,NA,NA,NA,NA,NA
1987,11,30,1,2200,2150,2254,2242,NW,624,NA,54,52,NA,12,10,MSP,MSN,228,NA,NA,0,NA,0,NA,NA,NA,NA,NA
1987,11,1,7,1730,1655,1845,1752,NW,625,NA,75,57,NA,53,35,MSN,MSP,228,NA,NA,0,NA,0,NA,NA,NA,NA,NA
1987,11,2,1,1658,1655,1818,1752,NW,625,NA,80,57,NA,26,3,MSN,MSP,228,NA,NA,0,NA,0,NA,NA,NA,NA,NA
1987,11,3,2,1700,1655,1814,1752,NW,625,NA,74,57,NA,22,5,MSN,MSP,228,NA,NA,0,NA,0,NA,NA,NA,NA,NA
1987,11,4,3,1655,1655,1756,1752,NW,625,NA,61,57,NA,4,0,MSN,MSP,228,NA,NA,0,NA,0,NA,NA,NA,NA,NA
1987,11,5,4,1655,1655,1753,1752,NW,625,NA,58,57,NA,1,0,MSN,MSP,228,NA,NA,0,NA,0,NA,NA,NA,NA,NA
1987,11,6,5,1655,1655,1756,1752,NW,625,NA,61,57,NA,4,0,MSN,MSP,228,NA,NA,0,NA,0,NA,NA,NA,NA,NA
1987,11,22,7,1750,1750,1912,1923,NW,627,NA,82,93,NA,-11,0,ABE,DTW,424,NA,NA,0,NA,0,NA,NA,NA,NA,NA
1987,11,23,1,1750,1750,1922,1923,NW,627,NA,92,93,NA,-1,0,ABE,DTW,424,NA,NA,0,NA,0,NA,NA,NA,NA,NA
1987,11,24,2,1750,1750,1917,1923,NW,627,NA,87,93,NA,-6,0,ABE,DTW,424,NA,NA,0,NA,0,NA,NA,NA,NA,NA
1987,11,25,3,1750,1750,1922,1923,NW,627,NA,92,93,NA,-1,0,ABE,DTW,424,NA,NA,0,NA,0,NA,NA,NA,NA,NA
1987,11,29,7,1815,1750,1947,1923,NW,627,NA,92,93,NA,24,25,ABE,DTW,424,NA,NA,0,NA,0,NA,NA,NA,NA,NA
1987,11,30,1,1750,1750,1913,1923,NW,627,NA,83,93,NA,-10,0,ABE,DTW,424,NA,NA,0,NA,0,NA,NA,NA,NA,NA
1987,11,12,4,1800,1800,1902,1901,NW,967,NA,122,121,NA,1,0,MCO,MEM,683,NA,NA,0,NA,0,NA,NA,NA,NA,NA
1987,11,13,5,1800,1800,1918,1901,NW,967,NA,138,121,NA,17,0,MCO,MEM,683,NA,NA,0,NA,0,NA,NA,NA,NA,NA
1987,11,14,6,1800,1800,1900,1901,NW,967,NA,120,121,NA,-1,0,MCO,MEM,683,NA,NA,0,NA,0,NA,NA,NA,NA,NA
1987,11,15,7,1810,1800,1914,1901,NW,967,NA,124,121,NA,13,10,MCO,MEM,683,NA,NA,0,NA,0,NA,NA,NA,NA,NA
1987,11,16,1,1800,1800,1915,1901,NW,967,NA,135,121,NA,14,0,MCO,MEM,683,NA,NA,0,NA,0,NA,NA,NA,NA,NA
1987,11,24,2,2027,2005,2143,2112,NW,967,NA,76,67,NA,31,22,MEM,MSY,349,NA,NA,0,NA,0,NA,NA,NA,NA,NA
1987,11,25,3,2005,2005,2122,2112,NW,967,NA,77,67,NA,10,0,MEM,MSY,349,NA,NA,0,NA,0,NA,NA,NA,NA,NA
1987,11,28,6,2042,2005,2153,2112,NW,967,NA,71,67,NA,41,37,MEM,MSY,349,NA,NA,0,NA,0,NA,NA,NA,NA,NA
1987,11,29,7,2005,2005,2114,2112,NW,967,NA,69,67,NA,2,0,MEM,MSY,349,NA,NA,0,NA,0,NA,NA,NA,NA,NA
1987,11,1,7,2125,2125,2203,2205,NW,968,NA,38,40,NA,-2,0,HSV,MEM,184,NA,NA,0,NA,0,NA,NA,NA,NA,NA
1987,11,2,1,2125,2125,2211,2205,NW,968,NA,46,40,NA,6,0,HSV,MEM,184,NA,NA,0,NA,0,NA,NA,NA,NA,NA
1987,11,3,2,2125,2125,2206,2205,NW,968,NA,41,40,NA,1,0,HSV,MEM,184,NA,NA,0,NA,0,NA,NA,NA,NA,NA
1987,11,18,3,700,700,814,810,NW,971,NA,74,70,NA,4,0,MCI,MEM,392,NA,NA,0,NA,0,NA,NA,NA,NA,NA
1987,11,19,4,700,700,815,810,NW,971,NA,75,70,NA,5,0,MCI,MEM,392,NA,NA,0,NA,0,NA,NA,NA,NA,NA
1987,11,20,5,700,700,813,810,NW,971,NA,73,70,NA,3,0,MCI,MEM,392,NA,NA,0,NA,0,NA,NA,NA,NA,NA
1987,11,21,6,700,700,807,810,NW,971,NA,67,70,NA,-3,0,MCI,MEM,392,NA,NA,0,NA,0,NA,NA,NA,NA,NA
1987,11,23,1,700,700,828,810,NW,971,NA,88,70,NA,18,0,MCI,MEM,392,NA,NA,0,NA,0,NA,NA,NA,NA,NA
1987,11,24,2,658,700,805,810,NW,971,NA,67,70,NA,-5,-2,MCI,MEM,392,NA,NA,0,NA,0,NA,NA,NA,NA,NA
1987,11,8,7,1501,1455,1650,1640,PI,427,NA,109,105,NA,10,6,LGA,DAY,549,NA,NA,0,NA,0,NA,NA,NA,NA,NA
1987,11,9,1,1516,1455,1702,1640,PI,427,NA,106,105,NA,22,21,LGA,DAY,549,NA,NA,0,NA,0,NA,NA,NA,NA,NA
1987,11,10,2,1514,1455,1715,1640,PI,427,NA,121,105,NA,35,19,LGA,DAY,549,NA,NA,0,NA,0,NA,NA,NA,NA,NA
1987,11,11,3,1609,1455,1759,1640,PI,427,NA,110,105,NA,79,74,LGA,DAY,549,NA,NA,0,NA,0,NA,NA,NA,NA,NA
1987,11,12,4,1530,1455,1717,1640,PI,427,NA,107,105,NA,37,35,LGA,DAY,549,NA,NA,0,NA,0,NA,NA,NA,NA,NA
1987,11,13,5,2008,2007,2129,2114,PI,428,NA,81,67,NA,15,1,DAY,BWI,406,NA,NA,0,NA,0,NA,NA,NA,NA,NA
1987,11,15,7,2013,2007,2129,2114,PI,428,NA,76,67,NA,15,6,DAY,BWI,406,NA,NA,0,NA,0,NA,NA,NA,NA,NA
1987,11,16,1,2005,2007,2122,2114,PI,428,NA,77,67,NA,8,-2,DAY,BWI,406,NA,NA,0,NA,0,NA,NA,NA,NA,NA
1987,11,17,2,2011,2007,2130,2114,PI,428,NA,79,67,NA,16,4,DAY,BWI,406,NA,NA,0,NA,0,NA,NA,NA,NA,NA
1987,11,18,3,2005,2007,2117,2114,PI,428,NA,72,67,NA,3,-2,DAY,BWI,406,NA,NA,0,NA,0,NA,NA,NA,NA,NA
1987,11,19,4,2010,2007,2127,2114,PI,428,NA,77,67,NA,13,3,DAY,BWI,406,NA,NA,0,NA,0,NA,NA,NA,NA,NA
1987,11,8,7,1611,1555,1746,1701,PI,431,NA,95,66,NA,45,16,JAX,MIA,334,NA,NA,0,NA,0,NA,NA,NA,NA,NA
1987,11,9,1,1620,1555,1735,1701,PI,431,NA,75,66,NA,34,25,JAX,MIA,334,NA,NA,0,NA,0,NA,NA,NA,NA,NA
1987,11,10,2,1613,1555,1726,1701,PI,431,NA,73,66,NA,25,18,JAX,MIA,334,NA,NA,0,NA,0,NA,NA,NA,NA,NA
1987,11,11,3,1724,1555,1832,1701,PI,431,NA,68,66,NA,91,89,JAX,MIA,334,NA,NA,0,NA,0,NA,NA,NA,NA,NA
1987,11,12,4,1622,1555,1744,1701,PI,431,NA,82,66,NA,43,27,JAX,MIA,334,NA,NA,0,NA,0,NA,NA,NA,NA,NA
1987,11,13,5,1600,1555,1717,1701,PI,431,NA,77,66,NA,16,5,JAX,MIA,334,NA,NA,0,NA,0,NA,NA,NA,NA,NA
1987,11,29,7,659,700,829,824,CO,1603,NA,150,144,NA,5,-1,IAH,DEN,861,NA,NA,0,NA,0,NA,NA,NA,NA,NA
1987,11,30,1,700,700,835,824,CO,1603,NA,155,144,NA,11,0,IAH,DEN,861,NA,NA,0,NA,0,NA,NA,NA,NA,NA
1987,11,1,7,1034,1030,1516,1523,CO,1604,NA,162,173,NA,-7,4,DEN,CLE,1201,NA,NA,0,NA,0,NA,NA,NA,NA,NA
1987,11,2,1,1056,1030,1558,1523,CO,1604,NA,182,173,NA,35,26,DEN,CLE,1201,NA,NA,0,NA,0,NA,NA,NA,NA,NA
1987,11,4,3,1030,1030,1506,1523,CO,1604,NA,156,173,NA,-17,0,DEN,CLE,1201,NA,NA,0,NA,0,NA,NA,NA,NA,NA
1987,11,5,4,1030,1030,1500,1523,CO,1604,NA,150,173,NA,-23,0,DEN,CLE,1201,NA,NA,0,NA,0,NA,NA,NA,NA,NA
1987,11,7,6,940,940,1134,1127,CO,1605,NA,234,227,NA,7,0,BWI,DEN,1491,NA,NA,0,NA,0,NA,NA,NA,NA,NA
1987,11,8,7,940,940,1127,1127,CO,1605,NA,227,227,NA,0,0,BWI,DEN,1491,NA,NA,0,NA,0,NA,NA,NA,NA,NA
1987,11,9,1,940,940,1135,1127,CO,1605,NA,235,227,NA,8,0,BWI,DEN,1491,NA,NA,0,NA,0,NA,NA,NA,NA,NA
1987,11,10,2,940,940,1114,1127,CO,1605,NA,214,227,NA,-13,0,BWI,DEN,1491,NA,NA,0,NA,0,NA,NA,NA,NA,NA
1987,11,11,3,1025,940,1155,1127,CO,1605,NA,210,227,NA,28,45,BWI,DEN,1491,NA,NA,0,NA,0,NA,NA,NA,NA,NA
1987,11,26,4,1655,1655,2109,2115,DL,670,NA,194,200,NA,-6,0,DFW,BOS,1562,NA,NA,0,NA,0,NA,NA,NA,NA,NA
1987,11,27,5,1701,1655,2120,2115,DL,670,NA,199,200,NA,5,6,DFW,BOS,1562,NA,NA,0,NA,0,NA,NA,NA,NA,NA
1987,11,28,6,1655,1655,2108,2115,DL,670,NA,193,200,NA,-7,0,DFW,BOS,1562,NA,NA,0,NA,0,NA,NA,NA,NA,NA
1987,11,29,7,1812,1655,2224,2115,DL,670,NA,192,200,NA,69,77,DFW,BOS,1562,NA,NA,0,NA,0,NA,NA,NA,NA,NA
1987,11,30,1,1716,1655,2141,2115,DL,670,NA,205,200,NA,26,21,DFW,BOS,1562,NA,NA,0,NA,0,NA,NA,NA,NA,NA
1987,11,13,5,1136,1130,1606,1607,DL,670,NA,150,157,NA,-1,6,SAN,DFW,1171,NA,NA,0,NA,0,NA,NA,NA,NA,NA
1987,11,14,6,1130,1130,1601,1607,DL,670,NA,151,157,NA,-6,0,SAN,DFW,1171,NA,NA,0,NA,0,NA,NA,NA,NA,NA
1987,11,15,7,1148,1130,1633,1607,DL,670,NA,165,157,NA,26,18,SAN,DFW,1171,NA,NA,0,NA,0,NA,NA,NA,NA,NA
1987,11,16,1,1130,1130,1616,1607,DL,670,NA,166,157,NA,9,0,SAN,DFW,1171,NA,NA,0,NA,0,NA,NA,NA,NA,NA
1987,11,17,2,1154,1130,1626,1607,DL,670,NA,152,157,NA,19,24,SAN,DFW,1171,NA,NA,0,NA,0,NA,NA,NA,NA,NA
1987,11,18,3,1140,1130,1626,1607,DL,670,NA,166,157,NA,19,10,SAN,DFW,1171,NA,NA,0,NA,0,NA,NA,NA,NA,NA
1987,11,7,6,1941,1941,2029,2029,EA,216,NA,48,48,NA,0,0,MCI,TUL,223,NA,NA,0,NA,0,NA,NA,NA,NA,NA
1987,11,8,7,1949,1941,2042,2029,EA,216,NA,53,48,NA,13,8,MCI,TUL,223,NA,NA,0,NA,0,NA,NA,NA,NA,NA
1987,11,9,1,1941,1941,2031,2029,EA,216,NA,50,48,NA,2,0,MCI,TUL,223,NA,NA,0,NA,0,NA,NA,NA,NA,NA
1987,11,10,2,1941,1941,2031,2029,EA,216,NA,50,48,NA,2,0,MCI,TUL,223,NA,NA,0,NA,0,NA,NA,NA,NA,NA
1987,11,11,3,1941,1941,2030,2029,EA,216,NA,49,48,NA,1,0,MCI,TUL,223,NA,NA,0,NA,0,NA,NA,NA,NA,NA
1987,11,25,3,1745,1745,1915,1909,EA,216,NA,90,84,NA,6,0,MKE,MCI,436,NA,NA,0,NA,0,NA,NA,NA,NA,NA
1987,11,26,4,1745,1745,1912,1909,EA,216,NA,87,84,NA,3,0,MKE,MCI,436,NA,NA,0,NA,0,NA,NA,NA,NA,NA
1987,11,28,6,1745,1745,1905,1909,EA,216,NA,80,84,NA,-4,0,MKE,MCI,436,NA,NA,0,NA,0,NA,NA,NA,NA,NA
1987,11,29,7,1934,1745,2101,1909,EA,216,NA,87,84,NA,112,109,MKE,MCI,436,NA,NA,0,NA,0,NA,NA,NA,NA,NA
1987,11,30,1,1745,1745,1912,1909,EA,216,NA,87,84,NA,3,0,MKE,MCI,436,NA,NA,0,NA,0,NA,NA,NA,NA,NA
1987,11,2,1,659,659,749,746,EA,219,NA,50,47,NA,3,0,TUL,MCI,223,NA,NA,0,NA,0,NA,NA,NA,NA,NA
1987,11,3,2,659,659,749,746,EA,219,NA,50,47,NA,3,0,TUL,MCI,223,NA,NA,0,NA,0,NA,NA,NA,NA,NA
1987,11,4,3,659,659,748,746,EA,219,NA,49,47,NA,2,0,TUL,MCI,223,NA,NA,0,NA,0,NA,NA,NA,NA,NA
1987,11,5,4,659,659,806,746,EA,219,NA,67,47,NA,20,0,TUL,MCI,223,NA,NA,0,NA,0,NA,NA,NA,NA,NA
1987,11,6,5,659,659,751,746,EA,219,NA,52,47,NA,5,0,TUL,MCI,223,NA,NA,0,NA,0,NA,NA,NA,NA,NA
1987,11,7,6,659,659,746,746,EA,219,NA,47,47,NA,0,0,TUL,MCI,223,NA,NA,0,NA,0,NA,NA,NA,NA,NA
1987,11,7,6,816,816,1139,1141,EA,224,NA,143,145,NA,-2,0,MCI,LGA,1107,NA,NA,0,NA,0,NA,NA,NA,NA,NA
1987,11,8,7,816,816,1141,1141,EA,224,NA,145,145,NA,0,0,MCI,LGA,1107,NA,NA,0,NA,0,NA,NA,NA,NA,NA
1987,11,9,1,821,816,1146,1141,EA,224,NA,145,145,NA,5,5,MCI,LGA,1107,NA,NA,0,NA,0,NA,NA,NA,NA,NA
1987,11,10,2,823,816,1155,1141,EA,224,NA,152,145,NA,14,7,MCI,LGA,1107,NA,NA,0,NA,0,NA,NA,NA,NA,NA
1987,11,11,3,816,816,1150,1141,EA,224,NA,154,145,NA,9,0,MCI,LGA,1107,NA,NA,0,NA,0,NA,NA,NA,NA,NA
1987,11,11,3,2250,2150,100,2253,EA,234,NA,130,63,NA,127,60,PHL,BOS,280,NA,NA,0,NA,0,NA,NA,NA,NA,NA
1987,11,12,4,2300,2150,11,2253,EA,234,NA,71,63,NA,78,70,PHL,BOS,280,NA,NA,0,NA,0,NA,NA,NA,NA,NA
1987,11,13,5,2157,2150,2303,2253,EA,234,NA,66,63,NA,10,7,PHL,BOS,280,NA,NA,0,NA,0,NA,NA,NA,NA,NA
1987,11,15,7,2150,2150,2257,2253,EA,234,NA,67,63,NA,4,0,PHL,BOS,280,NA,NA,0,NA,0,NA,NA,NA,NA,NA
1987,11,16,1,2222,2150,NA,2245,EA,234,NA,NA,55,NA,NA,32,PHL,BOS,280,NA,NA,0,NA,1,NA,NA,NA,NA,NA
1987,11,17,2,2150,2150,2307,2253,EA,234,NA,77,63,NA,14,0,PHL,BOS,280,NA,NA,0,NA,0,NA,NA,NA,NA,NA
1987,11,18,3,2150,2150,2258,2253,EA,234,NA,68,63,NA,5,0,PHL,BOS,280,NA,NA,0,NA,0,NA,NA,NA,NA,NA
1987,11,14,6,1944,1944,2140,2156,EA,235,NA,116,132,NA,-16,0,EWR,ATL,745,NA,NA,0,NA,0,NA,NA,NA,NA,NA
1987,11,16,1,1944,1944,2202,2156,EA,235,NA,138,132,NA,6,0,EWR,ATL,745,NA,NA,0,NA,0,NA,NA,NA,NA,NA
1987,11,17,2,1944,1944,2206,2156,EA,235,NA,142,132,NA,10,0,EWR,ATL,745,NA,NA,0,NA,0,NA,NA,NA,NA,NA
1987,11,18,3,1944,1944,2204,2156,EA,235,NA,140,132,NA,8,0,EWR,ATL,745,NA,NA,0,NA,0,NA,NA,NA,NA,NA
1987,11,19,4,1944,1944,2153,2156,EA,235,NA,129,132,NA,-3,0,EWR,ATL,745,NA,NA,0,NA,0,NA,NA,NA,NA,NA
1987,11,21,6,1944,1944,2133,2156,EA,235,NA,109,132,NA,-23,0,EWR,ATL,745,NA,NA,0,NA,0,NA,NA,NA,NA,NA
1987,11,15,7,628,628,822,825,EA,240,NA,54,57,NA,-3,0,PNS,ATL,272,NA,NA,0,NA,0,NA,NA,NA,NA,NA
1987,11,16,1,628,628,826,825,EA,240,NA,58,57,NA,1,0,PNS,ATL,272,NA,NA,0,NA,0,NA,NA,NA,NA,NA
1987,11,17,2,628,628,833,825,EA,240,NA,65,57,NA,8,0,PNS,ATL,272,NA,NA,0,NA,0,NA,NA,NA,NA,NA
1987,11,18,3,628,628,817,825,EA,240,NA,49,57,NA,-8,0,PNS,ATL,272,NA,NA,0,NA,0,NA,NA,NA,NA,NA
1987,11,19,4,628,628,817,825,EA,240,NA,49,57,NA,-8,0,PNS,ATL,272,NA,NA,0,NA,0,NA,NA,NA,NA,NA
1987,11,13,5,2005,1900,2135,2020,AA,2189,NA,90,80,NA,75,65,LAX,SFO,337,NA,NA,0,NA,0,NA,NA,NA,NA,NA
1987,11,14,6,1902,1900,2018,2020,AA,2189,NA,76,80,NA,-2,2,LAX,SFO,337,NA,NA,0,NA,0,NA,NA,NA,NA,NA
1987,11,15,7,1900,1900,2025,2020,AA,2189,NA,85,80,NA,5,0,LAX,SFO,337,NA,NA,0,NA,0,NA,NA,NA,NA,NA
1987,11,16,1,1900,1900,2022,2020,AA,2189,NA,82,80,NA,2,0,LAX,SFO,337,NA,NA,0,NA,0,NA,NA,NA,NA,NA
1987,11,17,2,1905,1900,2039,2020,AA,2189,NA,94,80,NA,19,5,LAX,SFO,337,NA,NA,0,NA,0,NA,NA,NA,NA,NA
1987,11,18,3,1900,1900,2030,2020,AA,2189,NA,90,80,NA,10,0,LAX,SFO,337,NA,NA,0,NA,0,NA,NA,NA,NA,NA
1987,11,1,7,1736,1735,1846,1849,AA,2191,NA,70,74,NA,-3,1,ONT,OAK,361,NA,NA,0,NA,0,NA,NA,NA,NA,NA
1987,11,2,1,1735,1735,1846,1849,AA,2191,NA,71,74,NA,-3,0,ONT,OAK,361,NA,NA,0,NA,0,NA,NA,NA,NA,NA
1987,11,3,2,1735,1735,1844,1849,AA,2191,NA,69,74,NA,-5,0,ONT,OAK,361,NA,NA,0,NA,0,NA,NA,NA,NA,NA
1987,11,4,3,1741,1735,1853,1849,AA,2191,NA,72,74,NA,4,6,ONT,OAK,361,NA,NA,0,NA,0,NA,NA,NA,NA,NA
1987,11,5,4,1740,1735,1908,1849,AA,2191,NA,88,74,NA,19,5,ONT,OAK,361,NA,NA,0,NA,0,NA,NA,NA,NA,NA
1987,11,6,5,2300,2300,29,21,AA,2199,NA,89,81,NA,8,0,LAX,SFO,337,NA,NA,0,NA,0,NA,NA,NA,NA,NA
1987,11,7,6,2331,2300,37,21,AA,2199,NA,66,81,NA,16,31,LAX,SFO,337,NA,NA,0,NA,0,NA,NA,NA,NA,NA
1987,11,8,7,2304,2300,16,21,AA,2199,NA,72,81,NA,-5,4,LAX,SFO,337,NA,NA,0,NA,0,NA,NA,NA,NA,NA
1987,11,9,1,2300,2300,15,21,AA,2199,NA,75,81,NA,-6,0,LAX,SFO,337,NA,NA,0,NA,0,NA,NA,NA,NA,NA
1987,11,10,2,2300,2300,17,21,AA,2199,NA,77,81,NA,-4,0,LAX,SFO,337,NA,NA,0,NA,0,NA,NA,NA,NA,NA
1987,11,8,7,1846,1846,2007,2001,AA,2209,NA,81,75,NA,6,0,SNA,SJC,342,NA,NA,0,NA,0,NA,NA,NA,NA,NA
1987,11,9,1,1846,1846,2000,2001,AA,2209,NA,74,75,NA,-1,0,SNA,SJC,342,NA,NA,0,NA,0,NA,NA,NA,NA,NA
1987,11,10,2,1846,1846,2010,2001,AA,2209,NA,84,75,NA,9,0,SNA,SJC,342,NA,NA,0,NA,0,NA,NA,NA,NA,NA
1987,11,11,3,1846,1846,2009,2001,AA,2209,NA,83,75,NA,8,0,SNA,SJC,342,NA,NA,0,NA,0,NA,NA,NA,NA,NA
1987,11,12,4,1846,1846,2007,2001,AA,2209,NA,81,75,NA,6,0,SNA,SJC,342,NA,NA,0,NA,0,NA,NA,NA,NA,NA
1987,11,9,1,1130,1130,1230,1219,US,340,NA,60,49,NA,11,0,DAY,PIT,215,NA,NA,0,NA,0,NA,NA,NA,NA,NA
1987,11,10,2,1130,1130,1235,1219,US,340,NA,65,49,NA,16,0,DAY,PIT,215,NA,NA,0,NA,0,NA,NA,NA,NA,NA
1987,11,11,3,1130,1130,1227,1219,US,340,NA,57,49,NA,8,0,DAY,PIT,215,NA,NA,0,NA,0,NA,NA,NA,NA,NA
1987,11,12,4,1130,1130,1217,1219,US,340,NA,47,49,NA,-2,0,DAY,PIT,215,NA,NA,0,NA,0,NA,NA,NA,NA,NA
1987,11,13,5,1130,1130,1215,1219,US,340,NA,45,49,NA,-4,0,DAY,PIT,215,NA,NA,0,NA,0,NA,NA,NA,NA,NA
1987,11,22,7,1300,1300,1453,1501,US,341,NA,113,121,NA,-8,0,LGA,IND,659,NA,NA,0,NA,0,NA,NA,NA,NA,NA
1987,11,23,1,1305,1300,1506,1501,US,341,NA,121,121,NA,5,5,LGA,IND,659,NA,NA,0,NA,0,NA,NA,NA,NA,NA
1987,11,24,2,1303,1300,1506,1501,US,341,NA,123,121,NA,5,3,LGA,IND,659,NA,NA,0,NA,0,NA,NA,NA,NA,NA
1987,11,25,3,1348,1300,1608,1501,US,341,NA,140,121,NA,67,48,LGA,IND,659,NA,NA,0,NA,0,NA,NA,NA,NA,NA
1987,11,29,7,1319,1300,1532,1501,US,341,NA,133,121,NA,31,19,LGA,IND,659,NA,NA,0,NA,0,NA,NA,NA,NA,NA
1987,11,10,2,2201,2135,2305,2228,US,342,NA,64,53,NA,37,26,PIT,AVP,243,NA,NA,0,NA,0,NA,NA,NA,NA,NA
1987,11,11,3,2156,2135,2250,2228,US,342,NA,54,53,NA,22,21,PIT,AVP,243,NA,NA,0,NA,0,NA,NA,NA,NA,NA
1987,11,12,4,2146,2135,2238,2228,US,342,NA,52,53,NA,10,11,PIT,AVP,243,NA,NA,0,NA,0,NA,NA,NA,NA,NA
1987,11,13,5,2133,2135,2223,2228,US,342,NA,50,53,NA,-5,-2,PIT,AVP,243,NA,NA,0,NA,0,NA,NA,NA,NA,NA
1987,11,14,6,2133,2135,2228,2228,US,342,NA,55,53,NA,0,-2,PIT,AVP,243,NA,NA,0,NA,0,NA,NA,NA,NA,NA
1987,11,30,1,1335,1320,1426,1416,US,344,NA,51,56,NA,10,15,PIT,BGM,251,NA,NA,0,NA,0,NA,NA,NA,NA,NA
1987,11,1,7,1822,1815,2003,1953,US,346,NA,101,98,NA,10,7,IND,EWR,644,NA,NA,0,NA,0,NA,NA,NA,NA,NA
1987,11,2,1,1817,1815,2001,1953,US,346,NA,104,98,NA,8,2,IND,EWR,644,NA,NA,0,NA,0,NA,NA,NA,NA,NA
1987,11,3,2,1815,1815,1950,1953,US,346,NA,95,98,NA,-3,0,IND,EWR,644,NA,NA,0,NA,0,NA,NA,NA,NA,NA
1987,11,4,3,1814,1815,1945,1953,US,346,NA,91,98,NA,-8,-1,IND,EWR,644,NA,NA,0,NA,0,NA,NA,NA,NA,NA
1987,11,15,7,1806,1740,1933,1903,US,347,NA,87,83,NA,30,26,JFK,PIT,340,NA,NA,0,NA,0,NA,NA,NA,NA,NA
1987,11,16,1,1806,1740,1945,1903,US,347,NA,99,83,NA,42,26,JFK,PIT,340,NA,NA,0,NA,0,NA,NA,NA,NA,NA
1987,11,18,3,1747,1740,1912,1903,US,347,NA,85,83,NA,9,7,JFK,PIT,340,NA,NA,0,NA,0,NA,NA,NA,NA,NA
1987,11,19,4,1755,1740,1918,1903,US,347,NA,83,83,NA,15,15,JFK,PIT,340,NA,NA,0,NA,0,NA,NA,NA,NA,NA
1987,11,20,5,1759,1740,1934,1903,US,347,NA,95,83,NA,31,19,JFK,PIT,340,NA,NA,0,NA,0,NA,NA,NA,NA,NA
1987,11,2,1,1455,1455,1554,1602,US,350,NA,59,67,NA,-8,0,BDL,DCA,313,NA,NA,0,NA,0,NA,NA,NA,NA,NA
1987,11,3,2,1516,1455,1625,1602,US,350,NA,69,67,NA,23,21,BDL,DCA,313,NA,NA,0,NA,0,NA,NA,NA,NA,NA
1987,11,4,3,1508,1455,1614,1602,US,350,NA,66,67,NA,12,13,BDL,DCA,313,NA,NA,0,NA,0,NA,NA,NA,NA,NA
1987,11,5,4,1526,1455,1640,1602,US,350,NA,74,67,NA,38,31,BDL,DCA,313,NA,NA,0,NA,0,NA,NA,NA,NA,NA
1987,11,6,5,1512,1455,1623,1602,US,350,NA,71,67,NA,21,17,BDL,DCA,313,NA,NA,0,NA,0,NA,NA,NA,NA,NA
1987,11,19,4,1510,1510,1558,1558,US,353,NA,48,48,NA,0,0,IAD,PIT,183,NA,NA,0,NA,0,NA,NA,NA,NA,NA
1987,11,20,5,1513,1510,1600,1558,US,353,NA,47,48,NA,2,3,IAD,PIT,183,NA,NA,0,NA,0,NA,NA,NA,NA,NA
1987,11,21,6,1510,1510,1609,1558,US,353,NA,59,48,NA,11,0,IAD,PIT,183,NA,NA,0,NA,0,NA,NA,NA,NA,NA
1987,11,22,7,1510,1510,1558,1558,US,353,NA,48,48,NA,0,0,IAD,PIT,183,NA,NA,0,NA,0,NA,NA,NA,NA,NA
1987,11,23,1,1510,1510,1605,1558,US,353,NA,55,48,NA,7,0,IAD,PIT,183,NA,NA,0,NA,0,NA,NA,NA,NA,NA
1987,11,3,2,2125,2125,2215,2205,AS,121,NA,50,40,NA,10,0,PDX,SEA,129,NA,NA,0,NA,0,NA,NA,NA,NA,NA
1987,11,5,4,2126,2125,2159,2205,AS,121,NA,33,40,NA,-6,1,PDX,SEA,129,NA,NA,0,NA,0,NA,NA,NA,NA,NA
1987,11,6,5,2125,2125,2207,2205,AS,121,NA,42,40,NA,2,0,PDX,SEA,129,NA,NA,0,NA,0,NA,NA,NA,NA,NA
1987,11,9,1,2123,2125,2203,2205,AS,121,NA,40,40,NA,-2,-2,PDX,SEA,129,NA,NA,0,NA,0,NA,NA,NA,NA,NA
1987,11,10,2,2137,2125,2217,2205,AS,121,NA,40,40,NA,12,12,PDX,SEA,129,NA,NA,0,NA,0,NA,NA,NA,NA,NA
1987,11,11,3,2125,2125,2212,2205,AS,121,NA,47,40,NA,7,0,PDX,SEA,129,NA,NA,0,NA,0,NA,NA,NA,NA,NA
1987,11,8,7,1055,1055,1201,1200,AS,122,NA,66,65,NA,1,0,OAK,BUR,325,NA,NA,0,NA,0,NA,NA,NA,NA,NA
1987,11,9,1,1055,1055,1156,1200,AS,122,NA,61,65,NA,-4,0,OAK,BUR,325,NA,NA,0,NA,0,NA,NA,NA,NA,NA
1987,11,10,2,1055,1055,1150,1200,AS,122,NA,55,65,NA,-10,0,OAK,BUR,325,NA,NA,0,NA,0,NA,NA,NA,NA,NA
1987,11,11,3,1100,1055,1206,1200,AS,122,NA,66,65,NA,6,5,OAK,BUR,325,NA,NA,0,NA,0,NA,NA,NA,NA,NA
1987,11,12,4,1055,1055,1158,1200,AS,122,NA,63,65,NA,-2,0,OAK,BUR,325,NA,NA,0,NA,0,NA,NA,NA,NA,NA
1987,11,13,5,1055,1055,1206,1200,AS,122,NA,71,65,NA,6,0,OAK,BUR,325,NA,NA,0,NA,0,NA,NA,NA,NA,NA
1987,11,14,6,1055,1055,1201,1200,AS,122,NA,66,65,NA,1,0,OAK,BUR,325,NA,NA,0,NA,0,NA,NA,NA,NA,NA
1987,11,20,5,2120,2050,2204,2130,AS,127,NA,44,40,NA,34,30,PDX,SEA,129,NA,NA,0,NA,0,NA,NA,NA,NA,NA
1987,11,21,6,2050,2050,2127,2130,AS,127,NA,37,40,NA,-3,0,PDX,SEA,129,NA,NA,0,NA,0,NA,NA,NA,NA,NA
1987,11,22,7,2054,2050,2140,2130,AS,127,NA,46,40,NA,10,4,PDX,SEA,129,NA,NA,0,NA,0,NA,NA,NA,NA,NA
1987,11,23,1,2106,2050,2153,2130,AS,127,NA,47,40,NA,23,16,PDX,SEA,129,NA,NA,0,NA,0,NA,NA,NA,NA,NA
1987,11,25,3,2145,2050,2225,2130,AS,127,NA,40,40,NA,55,55,PDX,SEA,129,NA,NA,0,NA,0,NA,NA,NA,NA,NA
1987,11,27,5,2050,2050,2125,2130,AS,127,NA,35,40,NA,-5,0,PDX,SEA,129,NA,NA,0,NA,0,NA,NA,NA,NA,NA
1987,11,20,5,1900,1850,2101,2025,AS,127,NA,121,95,NA,36,10,SJC,PDX,569,NA,NA,0,NA,0,NA,NA,NA,NA,NA
1987,11,21,6,1900,1850,2031,2025,AS,127,NA,91,95,NA,6,10,SJC,PDX,569,NA,NA,0,NA,0,NA,NA,NA,NA,NA
1987,11,22,7,1903,1850,2040,2025,AS,127,NA,97,95,NA,15,13,SJC,PDX,569,NA,NA,0,NA,0,NA,NA,NA,NA,NA
1987,11,23,1,1907,1850,2043,2025,AS,127,NA,96,95,NA,18,17,SJC,PDX,569,NA,NA,0,NA,0,NA,NA,NA,NA,NA
1987,11,25,3,1932,1850,2120,2025,AS,127,NA,108,95,NA,55,42,SJC,PDX,569,NA,NA,0,NA,0,NA,NA,NA,NA,NA
1987,11,28,6,1043,945,1135,1035,AS,132,NA,52,50,NA,60,58,SEA,GEG,224,NA,NA,0,NA,0,NA,NA,NA,NA,NA
1987,11,29,7,945,945,1037,1035,AS,132,NA,52,50,NA,2,0,SEA,GEG,224,NA,NA,0,NA,0,NA,NA,NA,NA,NA
1987,11,30,1,952,945,1046,1035,AS,132,NA,54,50,NA,11,7,SEA,GEG,224,NA,NA,0,NA,0,NA,NA,NA,NA,NA
1987,11,1,7,1105,1105,1202,1200,AS,133,NA,57,55,NA,2,0,GEG,SEA,224,NA,NA,0,NA,0,NA,NA,NA,NA,NA
1987,11,2,1,1105,1105,1200,1200,AS,133,NA,55,55,NA,0,0,GEG,SEA,224,NA,NA,0,NA,0,NA,NA,NA,NA,NA
1987,11,5,4,1110,1110,1152,1153,CO,514,NA,42,43,NA,-1,0,MCO,TPA,80,NA,NA,0,NA,0,NA,NA,NA,NA,NA
1987,11,7,6,1108,1110,1143,1153,CO,514,NA,35,43,NA,-10,-2,MCO,TPA,80,NA,NA,0,NA,0,NA,NA,NA,NA,NA
1987,11,8,7,1110,1110,1141,1153,CO,514,NA,31,43,NA,-12,0,MCO,TPA,80,NA,NA,0,NA,0,NA,NA,NA,NA,NA
1987,11,9,1,1112,1110,1147,1153,CO,514,NA,35,43,NA,-6,2,MCO,TPA,80,NA,NA,0,NA,0,NA,NA,NA,NA,NA
1987,11,10,2,1110,1110,1144,1153,CO,514,NA,34,43,NA,-9,0,MCO,TPA,80,NA,NA,0,NA,0,NA,NA,NA,NA,NA
1987,11,11,3,1120,1110,1200,1153,CO,514,NA,40,43,NA,7,10,MCO,TPA,80,NA,NA,0,NA,0,NA,NA,NA,NA,NA
1987,11,28,6,1225,1225,1435,1453,CO,514,NA,130,148,NA,-18,0,TPA,CLE,927,NA,NA,0,NA,0,NA,NA,NA,NA,NA
1987,11,29,7,1225,1225,1444,1453,CO,514,NA,139,148,NA,-9,0,TPA,CLE,927,NA,NA,0,NA,0,NA,NA,NA,NA,NA
1987,11,30,1,1225,1225,1450,1453,CO,514,NA,145,148,NA,-3,0,TPA,CLE,927,NA,NA,0,NA,0,NA,NA,NA,NA,NA
1987,11,1,7,1959,2000,2042,2047,CO,515,NA,43,47,NA,-5,-1,SAT,IAH,191,NA,NA,0,NA,0,NA,NA,NA,NA,NA
1987,11,2,1,1959,2000,2045,2047,CO,515,NA,46,47,NA,-2,-1,SAT,IAH,191,NA,NA,0,NA,0,NA,NA,NA,NA,NA
1987,11,3,2,1959,2000,2044,2047,CO,515,NA,45,47,NA,-3,-1,SAT,IAH,191,NA,NA,0,NA,0,NA,NA,NA,NA,NA
1987,11,12,4,1159,1200,1339,1345,CO,517,NA,160,165,NA,-6,-1,DEN,SEA,1024,NA,NA,0,NA,0,NA,NA,NA,NA,NA
1987,11,13,5,1200,1200,1337,1345,CO,517,NA,157,165,NA,-8,0,DEN,SEA,1024,NA,NA,0,NA,0,NA,NA,NA,NA,NA
1987,11,14,6,1200,1200,1347,1345,CO,517,NA,167,165,NA,2,0,DEN,SEA,1024,NA,NA,0,NA,0,NA,NA,NA,NA,NA
1987,11,15,7,1342,1200,1520,1345,CO,517,NA,158,165,NA,95,102,DEN,SEA,1024,NA,NA,0,NA,0,NA,NA,NA,NA,NA
1987,11,16,1,1348,1200,1543,1345,CO,517,NA,175,165,NA,118,108,DEN,SEA,1024,NA,NA,0,NA,0,NA,NA,NA,NA,NA
1987,11,17,2,1249,1200,1444,1345,CO,517,NA,175,165,NA,59,49,DEN,SEA,1024,NA,NA,0,NA,0,NA,NA,NA,NA,NA
1987,11,28,6,749,750,1628,1640,CO,522,NA,339,350,NA,-12,-1,SJC,EWR,2548,NA,NA,0,NA,0,NA,NA,NA,NA,NA
1987,11,29,7,823,750,1658,1640,CO,522,NA,335,350,NA,18,33,SJC,EWR,2548,NA,NA,0,NA,0,NA,NA,NA,NA,NA
1987,11,30,1,754,750,1621,1640,CO,522,NA,327,350,NA,-19,4,SJC,EWR,2548,NA,NA,0,NA,0,NA,NA,NA,NA,NA
1987,11,1,7,710,710,808,808,CO,523,NA,178,178,NA,0,0,CMH,DEN,1155,NA,NA,0,NA,0,NA,NA,NA,NA,NA
1987,11,2,1,710,710,814,808,CO,523,NA,184,178,NA,6,0,CMH,DEN,1155,NA,NA,0,NA,0,NA,NA,NA,NA,NA
1987,11,3,2,710,710,812,808,CO,523,NA,182,178,NA,4,0,CMH,DEN,1155,NA,NA,0,NA,0,NA,NA,NA,NA,NA
1987,12,23,3,1111,1059,1201,1149,PS,1703,NA,50,50,NA,12,12,LAX,FAT,209,NA,NA,0,NA,0,NA,NA,NA,NA,NA
1987,12,24,4,1112,1059,1208,1149,PS,1703,NA,56,50,NA,19,13,LAX,FAT,209,NA,NA,0,NA,0,NA,NA,NA,NA,NA
1987,12,25,5,1106,1059,1158,1149,PS,1703,NA,52,50,NA,9,7,LAX,FAT,209,NA,NA,0,NA,0,NA,NA,NA,NA,NA
1987,12,26,6,1103,1059,1155,1149,PS,1703,NA,52,50,NA,6,4,LAX,FAT,209,NA,NA,0,NA,0,NA,NA,NA,NA,NA
1987,12,27,7,1101,1059,1144,1149,PS,1703,NA,43,50,NA,-5,2,LAX,FAT,209,NA,NA,0,NA,0,NA,NA,NA,NA,NA
1987,12,21,1,1723,1710,1821,1802,PS,1704,NA,58,52,NA,19,13,LAX,LAS,236,NA,NA,0,NA,0,NA,NA,NA,NA,NA
1987,12,22,2,1733,1710,1820,1802,PS,1704,NA,47,52,NA,18,23,LAX,LAS,236,NA,NA,0,NA,0,NA,NA,NA,NA,NA
1987,12,23,3,1939,1710,2029,1804,PS,1704,NA,50,54,NA,145,149,LAX,LAS,236,NA,NA,0,NA,0,NA,NA,NA,NA,NA
1987,12,24,4,1716,1710,1815,1804,PS,1704,NA,59,54,NA,11,6,LAX,LAS,236,NA,NA,0,NA,0,NA,NA,NA,NA,NA
1987,12,27,7,1723,1710,1811,1804,PS,1704,NA,48,54,NA,7,13,LAX,LAS,236,NA,NA,0,NA,0,NA,NA,NA,NA,NA
1987,12,26,6,847,840,951,938,PS,1705,NA,64,58,NA,13,7,LAS,LAX,236,NA,NA,0,NA,0,NA,NA,NA,NA,NA
1987,12,27,7,843,840,932,938,PS,1705,NA,49,58,NA,-6,3,LAS,LAX,236,NA,NA,0,NA,0,NA,NA,NA,NA,NA
1987,12,28,1,839,840,933,938,PS,1705,NA,54,58,NA,-5,-1,LAS,LAX,236,NA,NA,0,NA,0,NA,NA,NA,NA,NA
1987,12,29,2,841,840,944,938,PS,1705,NA,63,58,NA,6,1,LAS,LAX,236,NA,NA,0,NA,0,NA,NA,NA,NA,NA
1987,12,30,3,839,840,929,938,PS,1705,NA,50,58,NA,-9,-1,LAS,LAX,236,NA,NA,0,NA,0,NA,NA,NA,NA,NA
1987,12,31,4,844,840,937,938,PS,1705,NA,53,58,NA,-1,4,LAS,LAX,236,NA,NA,0,NA,0,NA,NA,NA,NA,NA
1987,12,1,2,1041,1005,1318,1235,PS,1705,NA,157,150,NA,43,36,LAX,SEA,954,NA,NA,0,NA,0,NA,NA,NA,NA,NA
1987,12,19,6,2244,2220,11,2330,TW,173,NA,147,130,NA,41,24,STL,DEN,770,NA,NA,0,NA,0,NA,NA,NA,NA,NA
1987,12,20,7,2218,2220,2331,2330,TW,173,NA,133,130,NA,1,-2,STL,DEN,770,NA,NA,0,NA,0,NA,NA,NA,NA,NA
1987,12,21,1,2237,2220,16,2330,TW,173,NA,159,130,NA,46,17,STL,DEN,770,NA,NA,0,NA,0,NA,NA,NA,NA,NA
1987,12,22,2,2311,2220,25,2330,TW,173,NA,134,130,NA,55,51,STL,DEN,770,NA,NA,0,NA,0,NA,NA,NA,NA,NA
1987,12,23,3,26,2220,213,2330,TW,173,NA,167,130,NA,163,126,STL,DEN,770,NA,NA,0,NA,0,NA,NA,NA,NA,NA
1987,12,8,2,826,826,1014,1030,TW,177,NA,168,184,NA,-16,0,BOS,STL,1046,NA,NA,0,NA,0,NA,NA,NA,NA,NA
1987,12,9,3,824,826,1013,1030,TW,177,NA,169,184,NA,-17,-2,BOS,STL,1046,NA,NA,0,NA,0,NA,NA,NA,NA,NA
1987,12,10,4,826,826,1017,1030,TW,177,NA,171,184,NA,-13,0,BOS,STL,1046,NA,NA,0,NA,0,NA,NA,NA,NA,NA
1987,12,11,5,827,826,1026,1030,TW,177,NA,179,184,NA,-4,1,BOS,STL,1046,NA,NA,0,NA,0,NA,NA,NA,NA,NA
1987,12,12,6,847,826,1054,1030,TW,177,NA,187,184,NA,24,21,BOS,STL,1046,NA,NA,0,NA,0,NA,NA,NA,NA,NA
1987,12,17,4,1355,1325,1454,1434,TW,594,NA,59,69,NA,20,30,STL,BNA,271,NA,NA,0,NA,0,NA,NA,NA,NA,NA
1987,12,18,5,1330,1325,1454,1434,TW,594,NA,84,69,NA,20,5,STL,BNA,271,NA,NA,0,NA,0,NA,NA,NA,NA,NA
1987,12,19,6,1325,1325,1428,1434,TW,594,NA,63,69,NA,-6,0,STL,BNA,271,NA,NA,0,NA,0,NA,NA,NA,NA,NA
1987,12,20,7,1325,1325,1441,1434,TW,594,NA,76,69,NA,7,0,STL,BNA,271,NA,NA,0,NA,0,NA,NA,NA,NA,NA
1987,12,21,1,1325,1325,1424,1434,TW,594,NA,59,69,NA,-10,0,STL,BNA,271,NA,NA,0,NA,0,NA,NA,NA,NA,NA
1987,12,4,5,1114,1114,1226,1227,TW,601,NA,72,73,NA,-1,0,STL,OMA,342,NA,NA,0,NA,0,NA,NA,NA,NA,NA
1987,12,5,6,1114,1114,1230,1227,TW,601,NA,76,73,NA,3,0,STL,OMA,342,NA,NA,0,NA,0,NA,NA,NA,NA,NA
1987,12,6,7,1124,1114,1234,1227,TW,601,NA,70,73,NA,7,10,STL,OMA,342,NA,NA,0,NA,0,NA,NA,NA,NA,NA
1987,12,7,1,1227,1114,1349,1227,TW,601,NA,82,73,NA,82,73,STL,OMA,342,NA,NA,0,NA,0,NA,NA,NA,NA,NA
1987,12,8,2,1120,1114,1231,1227,TW,601,NA,71,73,NA,4,6,STL,OMA,342,NA,NA,0,NA,0,NA,NA,NA,NA,NA
1987,12,1,2,715,715,807,801,TW,605,NA,52,46,NA,6,0,PIA,STL,137,NA,NA,0,NA,0,NA,NA,NA,NA,NA
1987,12,2,3,715,715,804,801,TW,605,NA,49,46,NA,3,0,PIA,STL,137,NA,NA,0,NA,0,NA,NA,NA,NA,NA
1987,12,3,4,715,715,756,801,TW,605,NA,41,46,NA,-5,0,PIA,STL,137,NA,NA,0,NA,0,NA,NA,NA,NA,NA
1987,12,4,5,715,715,753,801,TW,605,NA,38,46,NA,-8,0,PIA,STL,137,NA,NA,0,NA,0,NA,NA,NA,NA,NA
1987,12,29,2,1308,1300,1432,1425,UA,231,NA,144,145,NA,7,8,ORD,DEN,888,NA,NA,0,NA,0,NA,NA,NA,NA,NA
1987,12,30,3,1318,1300,1458,1425,UA,231,NA,160,145,NA,33,18,ORD,DEN,888,NA,NA,0,NA,0,NA,NA,NA,NA,NA
1987,12,31,4,1300,1300,1429,1425,UA,231,NA,149,145,NA,4,0,ORD,DEN,888,NA,NA,0,NA,0,NA,NA,NA,NA,NA
1987,12,1,2,1331,1300,1640,1610,UA,232,NA,129,130,NA,30,31,DEN,ORD,888,NA,NA,0,NA,0,NA,NA,NA,NA,NA
1987,12,2,3,1301,1300,1613,1610,UA,232,NA,132,130,NA,3,1,DEN,ORD,888,NA,NA,0,NA,0,NA,NA,NA,NA,NA
1987,12,3,4,1300,1300,1615,1610,UA,232,NA,135,130,NA,5,0,DEN,ORD,888,NA,NA,0,NA,0,NA,NA,NA,NA,NA
1987,12,6,7,1505,1500,1631,1633,UA,233,NA,146,153,NA,-2,5,ORD,DEN,888,NA,NA,0,NA,0,NA,NA,NA,NA,NA
1987,12,7,1,1521,1500,1708,1633,UA,233,NA,167,153,NA,35,21,ORD,DEN,888,NA,NA,0,NA,0,NA,NA,NA,NA,NA
1987,12,8,2,1514,1500,1646,1633,UA,233,NA,152,153,NA,13,14,ORD,DEN,888,NA,NA,0,NA,0,NA,NA,NA,NA,NA
1987,12,9,3,1511,1500,1636,1633,UA,233,NA,145,153,NA,3,11,ORD,DEN,888,NA,NA,0,NA,0,NA,NA,NA,NA,NA
1987,12,10,4,1508,1500,1632,1633,UA,233,NA,144,153,NA,-1,8,ORD,DEN,888,NA,NA,0,NA,0,NA,NA,NA,NA,NA
1987,12,11,5,1458,1500,1640,1633,UA,233,NA,162,153,NA,7,-2,ORD,DEN,888,NA,NA,0,NA,0,NA,NA,NA,NA,NA
1987,12,12,6,1512,1500,1639,1633,UA,233,NA,147,153,NA,6,12,ORD,DEN,888,NA,NA,0,NA,0,NA,NA,NA,NA,NA
1987,12,29,2,850,850,943,940,WN,15,NA,53,50,NA,3,0,TUL,DAL,237,NA,NA,0,NA,0,NA,NA,NA,NA,NA
1987,12,30,3,850,850,939,940,WN,15,NA,49,50,NA,-1,0,TUL,DAL,237,NA,NA,0,NA,0,NA,NA,NA,NA,NA
1987,12,31,4,850,850,951,940,WN,15,NA,61,50,NA,11,0,TUL,DAL,237,NA,NA,0,NA,0,NA,NA,NA,NA,NA
1987,12,1,2,900,900,942,945,WN,16,NA,42,45,NA,-3,0,CRP,HOU,187,NA,NA,0,NA,0,NA,NA,NA,NA,NA
1987,12,2,3,900,900,942,945,WN,16,NA,42,45,NA,-3,0,CRP,HOU,187,NA,NA,0,NA,0,NA,NA,NA,NA,NA
1987,12,7,1,905,900,950,945,WN,16,NA,45,45,NA,5,5,CRP,HOU,187,NA,NA,0,NA,0,NA,NA,NA,NA,NA
1987,12,8,2,920,900,1003,945,WN,16,NA,43,45,NA,18,20,CRP,HOU,187,NA,NA,0,NA,0,NA,NA,NA,NA,NA
1987,12,9,3,914,900,957,945,WN,16,NA,43,45,NA,12,14,CRP,HOU,187,NA,NA,0,NA,0,NA,NA,NA,NA,NA
1987,12,10,4,900,900,940,945,WN,16,NA,40,45,NA,-5,0,CRP,HOU,187,NA,NA,0,NA,0,NA,NA,NA,NA,NA
1987,12,11,5,900,900,945,945,WN,16,NA,45,45,NA,0,0,CRP,HOU,187,NA,NA,0,NA,0,NA,NA,NA,NA,NA
1987,12,19,6,1219,1105,1300,1150,WN,16,NA,41,45,NA,70,74,DAL,OKC,181,NA,NA,0,NA,0,NA,NA,NA,NA,NA
1987,12,20,7,1110,1105,1150,1150,WN,16,NA,40,45,NA,0,5,DAL,OKC,181,NA,NA,0,NA,0,NA,NA,NA,NA,NA
1987,12,21,1,1126,1105,1207,1150,WN,16,NA,41,45,NA,17,21,DAL,OKC,181,NA,NA,0,NA,0,NA,NA,NA,NA,NA
1987,12,22,2,1108,1105,1152,1150,WN,16,NA,44,45,NA,2,3,DAL,OKC,181,NA,NA,0,NA,0,NA,NA,NA,NA,NA
1987,12,23,3,1120,1105,1206,1150,WN,16,NA,46,45,NA,16,15,DAL,OKC,181,NA,NA,0,NA,0,NA,NA,NA,NA,NA
1987,12,6,7,1200,1200,1309,1259,EA,1451,NA,69,59,NA,10,0,LGA,DCA,214,NA,NA,0,NA,0,NA,NA,NA,NA,NA
1987,12,7,1,1200,1200,1253,1259,EA,1451,NA,53,59,NA,-6,0,LGA,DCA,214,NA,NA,0,NA,0,NA,NA,NA,NA,NA
1987,12,8,2,1200,1200,1302,1259,EA,1451,NA,62,59,NA,3,0,LGA,DCA,214,NA,NA,0,NA,0,NA,NA,NA,NA,NA
1987,12,9,3,1205,1200,1314,1259,EA,1451,NA,69,59,NA,15,5,LGA,DCA,214,NA,NA,0,NA,0,NA,NA,NA,NA,NA
1987,12,10,4,1200,1200,1307,1259,EA,1451,NA,67,59,NA,8,0,LGA,DCA,214,NA,NA,0,NA,0,NA,NA,NA,NA,NA
1987,12,16,3,1230,1200,1331,1256,EA,1451,NA,61,56,NA,35,30,LGA,DCA,214,NA,NA,0,NA,0,NA,NA,NA,NA,NA
1987,12,17,4,1200,1200,1300,1256,EA,1451,NA,60,56,NA,4,0,LGA,DCA,214,NA,NA,0,NA,0,NA,NA,NA,NA,NA
1987,12,18,5,1200,1200,1312,1256,EA,1451,NA,72,56,NA,16,0,LGA,DCA,214,NA,NA,0,NA,0,NA,NA,NA,NA,NA
1987,12,19,6,1200,1200,1301,1256,EA,1451,NA,61,56,NA,5,0,LGA,DCA,214,NA,NA,0,NA,0,NA,NA,NA,NA,NA
1987,12,20,7,1200,1200,1309,1256,EA,1451,NA,69,56,NA,13,0,LGA,DCA,214,NA,NA,0,NA,0,NA,NA,NA,NA,NA
1987,12,21,1,1200,1200,1254,1256,EA,1451,NA,54,56,NA,-2,0,LGA,DCA,214,NA,NA,0,NA,0,NA,NA,NA,NA,NA
1987,12,25,5,1400,1400,1455,1455,EA,1470,NA,55,55,NA,0,0,DCA,LGA,214,NA,NA,0,NA,0,NA,NA,NA,NA,NA
1987,12,26,6,1400,1400,1450,1455,EA,1470,NA,50,55,NA,-5,0,DCA,LGA,214,NA,NA,0,NA,0,NA,NA,NA,NA,NA
1987,12,27,7,1400,1400,1458,1455,EA,1470,NA,58,55,NA,3,0,DCA,LGA,214,NA,NA,0,NA,0,NA,NA,NA,NA,NA
1987,12,28,1,1400,1400,1452,1455,EA,1470,NA,52,55,NA,-3,0,DCA,LGA,214,NA,NA,0,NA,0,NA,NA,NA,NA,NA
1987,12,30,3,1400,1400,1459,1455,EA,1470,NA,59,55,NA,4,0,DCA,LGA,214,NA,NA,0,NA,0,NA,NA,NA,NA,NA
1987,12,13,7,1610,1600,1718,1659,EA,1491,NA,68,59,NA,19,10,LGA,DCA,214,NA,NA,0,NA,0,NA,NA,NA,NA,NA
1987,12,14,1,1615,1600,1721,1659,EA,1491,NA,66,59,NA,22,15,LGA,DCA,214,NA,NA,0,NA,0,NA,NA,NA,NA,NA
1987,12,15,2,1600,1600,1745,1704,EA,1491,NA,105,64,NA,41,0,LGA,DCA,214,NA,NA,0,NA,0,NA,NA,NA,NA,NA
1987,12,16,3,1614,1600,1727,1704,EA,1491,NA,73,64,NA,23,14,LGA,DCA,214,NA,NA,0,NA,0,NA,NA,NA,NA,NA
1987,12,17,4,1530,1600,1630,1704,EA,1491,NA,60,64,NA,-34,-30,LGA,DCA,214,NA,NA,0,NA,0,NA,NA,NA,NA,NA
1987,12,20,7,1900,1850,2000,2000,HP,42,NA,60,70,NA,0,10,DRO,PHX,351,NA,NA,0,NA,0,NA,NA,NA,NA,NA
1987,12,21,1,1855,1850,1957,2000,HP,42,NA,62,70,NA,-3,5,DRO,PHX,351,NA,NA,0,NA,0,NA,NA,NA,NA,NA
1987,12,22,2,1850,1850,1958,2000,HP,42,NA,68,70,NA,-2,0,DRO,PHX,351,NA,NA,0,NA,0,NA,NA,NA,NA,NA
1987,12,23,3,1910,1850,2030,2000,HP,42,NA,80,70,NA,30,20,DRO,PHX,351,NA,NA,0,NA,0,NA,NA,NA,NA,NA
1987,12,24,4,1902,1850,2019,2000,HP,42,NA,77,70,NA,19,12,DRO,PHX,351,NA,NA,0,NA,0,NA,NA,NA,NA,NA
1987,12,25,5,1900,1850,1957,2000,HP,42,NA,57,70,NA,-3,10,DRO,PHX,351,NA,NA,0,NA,0,NA,NA,NA,NA,NA
1987,12,28,1,2059,2045,2054,2040,HP,42,NA,55,55,NA,14,14,PHX,LAS,256,NA,NA,0,NA,0,NA,NA,NA,NA,NA
1987,12,29,2,2045,2045,2040,2040,HP,42,NA,55,55,NA,0,0,PHX,LAS,256,NA,NA,0,NA,0,NA,NA,NA,NA,NA
1987,12,30,3,2114,2045,2111,2040,HP,42,NA,57,55,NA,31,29,PHX,LAS,256,NA,NA,0,NA,0,NA,NA,NA,NA,NA
1987,12,31,4,2045,2045,2042,2040,HP,42,NA,57,55,NA,2,0,PHX,LAS,256,NA,NA,0,NA,0,NA,NA,NA,NA,NA
1987,12,1,2,1329,1210,1425,1305,HP,45,NA,56,55,NA,80,79,LAX,LAS,236,NA,NA,0,NA,0,NA,NA,NA,NA,NA
1987,12,2,3,1220,1210,1314,1305,HP,45,NA,54,55,NA,9,10,LAX,LAS,236,NA,NA,0,NA,0,NA,NA,NA,NA,NA
1987,12,29,2,930,930,1051,1045,HP,46,NA,81,75,NA,6,0,OAK,LAS,407,NA,NA,0,NA,0,NA,NA,NA,NA,NA
1987,12,30,3,930,930,1034,1045,HP,46,NA,64,75,NA,-11,0,OAK,LAS,407,NA,NA,0,NA,0,NA,NA,NA,NA,NA
1987,12,31,4,930,930,1040,1045,HP,46,NA,70,75,NA,-5,0,OAK,LAS,407,NA,NA,0,NA,0,NA,NA,NA,NA,NA
1987,12,1,2,1940,1940,2035,2035,HP,48,NA,55,55,NA,0,0,LAX,LAS,236,NA,NA,0,NA,0,NA,NA,NA,NA,NA
1987,12,2,3,1940,1940,2028,2035,HP,48,NA,48,55,NA,-7,0,LAX,LAS,236,NA,NA,0,NA,0,NA,NA,NA,NA,NA
1987,12,3,4,1940,1940,2028,2035,HP,48,NA,48,55,NA,-7,0,LAX,LAS,236,NA,NA,0,NA,0,NA,NA,NA,NA,NA
1987,12,16,3,1305,1255,1412,1405,HP,51,NA,67,70,NA,7,10,RNO,LAS,345,NA,NA,0,NA,0,NA,NA,NA,NA,NA
1987,12,17,4,1310,1255,1419,1405,HP,51,NA,69,70,NA,14,15,RNO,LAS,345,NA,NA,0,NA,0,NA,NA,NA,NA,NA
1987,12,18,5,1302,1255,1405,1405,HP,51,NA,63,70,NA,0,7,RNO,LAS,345,NA,NA,0,NA,0,NA,NA,NA,NA,NA
1987,12,19,6,1316,1255,1428,1405,HP,51,NA,72,70,NA,23,21,RNO,LAS,345,NA,NA,0,NA,0,NA,NA,NA,NA,NA
1987,12,20,7,1305,1255,1401,1405,HP,51,NA,56,70,NA,-4,10,RNO,LAS,345,NA,NA,0,NA,0,NA,NA,NA,NA,NA
1987,12,19,6,1245,1210,1445,1358,NW,303,NA,240,228,NA,47,35,MSP,LAX,1536,NA,NA,0,NA,0,NA,NA,NA,NA,NA
1987,12,20,7,1315,1210,1442,1358,NW,303,NA,207,228,NA,44,65,MSP,LAX,1536,NA,NA,0,NA,0,NA,NA,NA,NA,NA
1987,12,21,1,1210,1210,1432,1358,NW,303,NA,262,228,NA,34,0,MSP,LAX,1536,NA,NA,0,NA,0,NA,NA,NA,NA,NA
1987,12,22,2,1305,1210,1522,1358,NW,303,NA,257,228,NA,84,55,MSP,LAX,1536,NA,NA,0,NA,0,NA,NA,NA,NA,NA
1987,12,23,3,1353,1210,1551,1358,NW,303,NA,238,228,NA,113,103,MSP,LAX,1536,NA,NA,0,NA,0,NA,NA,NA,NA,NA
1987,12,19,6,1130,1130,1405,1335,NW,305,NA,215,185,NA,30,0,BOS,MSP,1124,NA,NA,0,NA,0,NA,NA,NA,NA,NA
1987,12,20,7,1130,1130,1350,1335,NW,305,NA,200,185,NA,15,0,BOS,MSP,1124,NA,NA,0,NA,0,NA,NA,NA,NA,NA
1987,12,21,1,1200,1130,1405,1335,NW,305,NA,185,185,NA,30,30,BOS,MSP,1124,NA,NA,0,NA,0,NA,NA,NA,NA,NA
1987,12,22,2,1130,1130,1330,1335,NW,305,NA,180,185,NA,-5,0,BOS,MSP,1124,NA,NA,0,NA,0,NA,NA,NA,NA,NA
1987,12,23,3,1130,1130,1409,1335,NW,305,NA,219,185,NA,34,0,BOS,MSP,1124,NA,NA,0,NA,0,NA,NA,NA,NA,NA
1987,12,24,4,1205,1130,1432,1335,NW,305,NA,207,185,NA,57,35,BOS,MSP,1124,NA,NA,0,NA,0,NA,NA,NA,NA,NA
1987,12,31,4,1425,1420,1628,1604,NW,305,NA,243,224,NA,24,5,MSP,LAX,1536,NA,NA,0,NA,0,NA,NA,NA,NA,NA
1987,12,1,2,1520,1515,2108,2040,NW,306,NA,228,205,NA,28,5,LAX,MSP,1536,NA,NA,0,NA,0,NA,NA,NA,NA,NA
1987,12,2,3,1517,1515,2124,2040,NW,306,NA,247,205,NA,44,2,LAX,MSP,1536,NA,NA,0,NA,0,NA,NA,NA,NA,NA
1987,12,3,4,1515,1515,2114,2040,NW,306,NA,239,205,NA,34,0,LAX,MSP,1536,NA,NA,0,NA,0,NA,NA,NA,NA,NA
1987,12,4,5,1530,1515,2047,2040,NW,306,NA,197,205,NA,7,15,LAX,MSP,1536,NA,NA,0,NA,0,NA,NA,NA,NA,NA
1987,12,5,6,1515,1515,2049,2040,NW,306,NA,214,205,NA,9,0,LAX,MSP,1536,NA,NA,0,NA,0,NA,NA,NA,NA,NA
1987,12,10,4,1815,1815,2155,2120,PA (1),239,NA,220,185,NA,35,0,LGA,MIA,1097,NA,NA,0,NA,0,NA,NA,NA,NA,NA
1987,12,11,5,1815,1815,2130,2120,PA (1),239,NA,195,185,NA,10,0,LGA,MIA,1097,NA,NA,0,NA,0,NA,NA,NA,NA,NA
1987,12,12,6,1815,1815,2111,2120,PA (1),239,NA,176,185,NA,-9,0,LGA,MIA,1097,NA,NA,0,NA,0,NA,NA,NA,NA,NA
1987,12,13,7,1815,1815,2122,2120,PA (1),239,NA,187,185,NA,2,0,LGA,MIA,1097,NA,NA,0,NA,0,NA,NA,NA,NA,NA
1987,12,15,2,1933,1815,2241,2120,PA (1),239,NA,188,185,NA,81,78,LGA,MIA,1097,NA,NA,0,NA,0,NA,NA,NA,NA,NA
1987,12,7,1,645,645,745,745,PA (1),240,NA,60,60,NA,0,0,DCA,LGA,214,NA,NA,0,NA,0,NA,NA,NA,NA,NA
1987,12,8,2,645,645,743,745,PA (1),240,NA,58,60,NA,-2,0,DCA,LGA,214,NA,NA,0,NA,0,NA,NA,NA,NA,NA
1987,12,9,3,645,645,740,745,PA (1),240,NA,55,60,NA,-5,0,DCA,LGA,214,NA,NA,0,NA,0,NA,NA,NA,NA,NA
1987,12,10,4,645,645,742,745,PA (1),240,NA,57,60,NA,-3,0,DCA,LGA,214,NA,NA,0,NA,0,NA,NA,NA,NA,NA
1987,12,11,5,645,645,747,745,PA (1),240,NA,62,60,NA,2,0,DCA,LGA,214,NA,NA,0,NA,0,NA,NA,NA,NA,NA
1987,12,14,1,645,645,742,745,PA (1),240,NA,57,60,NA,-3,0,DCA,LGA,214,NA,NA,0,NA,0,NA,NA,NA,NA,NA
1987,12,1,2,630,630,725,730,PA (1),241,NA,55,60,NA,-5,0,LGA,DCA,214,NA,NA,0,NA,0,NA,NA,NA,NA,NA
1987,12,2,3,630,630,730,730,PA (1),241,NA,60,60,NA,0,0,LGA,DCA,214,NA,NA,0,NA,0,NA,NA,NA,NA,NA
1987,12,3,4,630,630,733,730,PA (1),241,NA,63,60,NA,3,0,LGA,DCA,214,NA,NA,0,NA,0,NA,NA,NA,NA,NA
1987,12,4,5,630,630,726,730,PA (1),241,NA,56,60,NA,-4,0,LGA,DCA,214,NA,NA,0,NA,0,NA,NA,NA,NA,NA
1987,12,7,1,630,630,733,730,PA (1),241,NA,63,60,NA,3,0,LGA,DCA,214,NA,NA,0,NA,0,NA,NA,NA,NA,NA
1987,12,30,3,630,630,730,737,PA (1),241,NA,60,67,NA,-7,0,LGA,DCA,214,NA,NA,0,NA,0,NA,NA,NA,NA,NA
1987,12,31,4,630,630,731,737,PA (1),241,NA,61,67,NA,-6,0,LGA,DCA,214,NA,NA,0,NA,0,NA,NA,NA,NA,NA
1987,12,1,2,730,730,828,830,PA (1),242,NA,58,60,NA,-2,0,DCA,LGA,214,NA,NA,0,NA,0,NA,NA,NA,NA,NA
1987,12,2,3,730,730,838,830,PA (1),242,NA,68,60,NA,8,0,DCA,LGA,214,NA,NA,0,NA,0,NA,NA,NA,NA,NA
1987,12,3,4,730,730,825,830,PA (1),242,NA,55,60,NA,-5,0,DCA,LGA,214,NA,NA,0,NA,0,NA,NA,NA,NA,NA
1987,12,4,5,730,730,831,830,PA (1),242,NA,61,60,NA,1,0,DCA,LGA,214,NA,NA,0,NA,0,NA,NA,NA,NA,NA
